Number of mutations	Number of positions with this many mutations	Number of CP 1 positions with this many mutations	Number of CP 2 positions with this many mutations	Number of CP 3 positions with this many mutations	Number of non-coding positions with this many mutations	Number of uni-mutational positions with this many mutations	Fraction of positions which are uni-mutational	Average uni-mutational fraction of positions with this many mutations
0	1572366	437320	428947	438797	272684	0	0.0	N/A
1	803368	217858	223863	216074	148327	803368	1.0	1.0
2	277782	73829	75941	73204	55802	161673	0.5820139533879085	0.7910069766939543
3	90194	23213	23772	23390	20129	42106	0.46683814887908287	0.8042885336051613
4	31422	7709	7844	8058	7931	14374	0.45745019413150023	0.8156307682515435
5	12948	3155	3043	3177	3638	5933	0.45821748532591905	0.8389094840902142
6	6239	1546	1381	1533	1824	2998	0.4805257252764866	0.8608484265640791
7	3479	870	740	829	1066	1710	0.4915205518827249	0.8760727631092566
8	2041	461	471	512	629	1064	0.5213130818226359	0.8964355707986281
9	1445	345	280	374	464	768	0.5314878892733564	0.9034217608612158
10	983	224	211	272	284	464	0.47202441505595116	0.9048830111902286
11	692	183	153	171	195	361	0.5216763005780347	0.9214398318444595
12	499	133	100	129	145	266	0.533066132264529	0.9203406813627268
13	405	97	92	113	111	200	0.49382716049382713	0.9238366571699902
14	340	83	67	116	82	184	0.5411764705882353	0.9310924369747892
15	281	77	58	90	64	145	0.5160142348754448	0.9269276393831561
16	187	34	51	49	55	83	0.44385026737967914	0.9281417112299465
17	216	56	39	55	70	103	0.47685185185185186	0.9226579520697157
18	163	41	34	52	36	93	0.5705521472392638	0.9447852760736193
19	219	39	39	103	44	124	0.5662100456621004	0.9516943042537844
20	189	36	29	103	24	87	0.4603174603174603	0.9462962962962961
21	113	27	17	50	20	47	0.415929203539823	0.9287821323219538
22	84	22	14	29	20	37	0.44047619047619047	0.9334415584415583
23	55	15	11	21	12	21	0.38181818181818183	0.9177865612648223
24	57	15	13	19	12	27	0.47368421052631576	0.9334795321637429
25	38	11	8	8	13	16	0.42105263157894735	0.9536842105263162
26	24	5	5	10	6	11	0.4583333333333333	0.9326923076923078
27	35	13	12	8	3	20	0.5714285714285714	0.9428571428571428
28	24	7	7	4	6	7	0.2916666666666667	0.9270833333333334
29	18	4	4	3	7	8	0.4444444444444444	0.9176245210727969
30	21	4	2	7	8	11	0.5238095238095238	0.9476190476190476
31	15	5	4	4	3	3	0.2	0.9354838709677421
32	9	1	2	4	2	3	0.3333333333333333	0.9548611111111112
33	6	0	1	2	3	5	0.8333333333333334	0.9949494949494949
34	10	0	0	3	7	1	0.1	0.8117647058823529
35	13	4	3	4	2	3	0.23076923076923078	0.9670329670329672
36	8	2	1	3	2	3	0.375	0.982638888888889
37	7	1	1	2	3	0	0.0	0.8185328185328186
38	7	2	3	3	0	2	0.2857142857142857	0.9360902255639098
39	8	2	2	1	3	3	0.375	0.9166666666666667
40	8	2	2	2	2	6	0.75	0.9875
41	10	1	2	5	3	5	0.5	0.9268292682926831
42	4	1	1	1	1	1	0.25	0.9047619047619048
43	4	1	1	0	2	2	0.5	0.872093023255814
44	4	0	1	2	1	0	0.0	0.8465909090909091
45	5	0	1	1	3	3	0.6	0.9822222222222223
46	5	1	0	3	1	2	0.4	0.9739130434782609
47	9	2	1	2	4	3	0.3333333333333333	0.8723404255319149
48	3	0	0	0	3	0	0.0	0.9652777777777777
49	6	1	0	3	2	2	0.3333333333333333	0.9591836734693877
50	4	1	0	2	1	2	0.5	0.91
51	0	0	0	0	0	0	N/A	N/A
52	2	1	0	0	1	2	1.0	1.0
53	3	0	1	1	1	2	0.6666666666666666	0.8490566037735849
54	5	3	0	1	1	4	0.8	0.9740740740740741
55	0	0	0	0	0	0	N/A	N/A
56	4	1	1	1	1	3	0.75	0.9955357142857143
57	2	0	0	0	2	2	1.0	1.0
58	3	0	0	1	2	3	1.0	1.0
59	4	1	1	1	1	2	0.5	0.923728813559322
60	3	0	0	1	2	1	0.3333333333333333	0.9888888888888889
61	1	0	0	0	1	0	0.0	0.9180327868852459
62	0	0	0	0	0	0	N/A	N/A
63	0	0	0	0	0	0	N/A	N/A
64	3	2	1	0	0	0	0.0	0.984375
65	1	0	1	0	0	1	1.0	1.0
66	1	0	0	0	1	0	0.0	0.9848484848484849
67	3	2	0	0	1	1	0.3333333333333333	0.9850746268656717
68	1	0	0	0	1	0	0.0	0.9264705882352942
69	3	0	1	1	1	1	0.3333333333333333	0.9565217391304349
70	1	0	0	0	1	1	1.0	1.0
71	2	1	0	0	1	1	0.5	0.9929577464788732
72	1	0	1	0	0	0	0.0	0.5694444444444444
73	1	0	0	0	1	1	1.0	1.0
74	0	0	0	0	0	0	N/A	N/A
75	2	0	1	1	0	1	0.5	0.78
76	2	1	1	0	0	1	0.5	0.8552631578947368
77	0	0	0	0	0	0	N/A	N/A
78	3	0	0	2	1	1	0.3333333333333333	0.982905982905983
79	1	1	0	0	0	0	0.0	0.9873417721518988
80	1	0	0	0	1	0	0.0	0.9625
81	1	0	0	1	0	1	1.0	1.0
82	1	0	0	0	1	0	0.0	0.9878048780487805
83	1	0	0	0	1	0	0.0	0.9759036144578314
84	0	0	0	0	0	0	N/A	N/A
85	1	0	0	1	0	0	0.0	0.9764705882352941
86	1	0	1	0	0	0	0.0	0.5813953488372093
87	1	1	0	0	0	1	1.0	1.0
88	0	0	0	0	0	0	N/A	N/A
89	0	0	0	0	0	0	N/A	N/A
90	3	2	0	1	0	3	1.0	1.0
91	1	1	0	0	0	1	1.0	1.0
92	0	0	0	0	0	0	N/A	N/A
93	0	0	0	0	0	0	N/A	N/A
94	1	0	1	0	0	0	0.0	0.9787234042553191
95	1	0	0	1	0	1	1.0	1.0
96	0	0	0	0	0	0	N/A	N/A
97	0	0	0	0	0	0	N/A	N/A
98	1	0	0	1	0	1	1.0	1.0
99	0	0	0	0	0	0	N/A	N/A
100	0	0	0	0	0	0	N/A	N/A
101	0	0	0	0	0	0	N/A	N/A
102	0	0	0	0	0	0	N/A	N/A
103	0	0	0	0	0	0	N/A	N/A
104	0	0	0	0	0	0	N/A	N/A
105	0	0	0	0	0	0	N/A	N/A
106	1	0	0	1	0	0	0.0	0.9905660377358491
107	1	0	0	1	0	0	0.0	0.9906542056074766
108	1	1	0	0	0	0	0.0	0.9907407407407407
109	0	0	0	0	0	0	N/A	N/A
110	0	0	0	0	0	0	N/A	N/A
111	0	0	0	0	0	0	N/A	N/A
112	0	0	0	0	0	0	N/A	N/A
113	0	0	0	0	0	0	N/A	N/A
114	0	0	0	0	0	0	N/A	N/A
115	0	0	0	0	0	0	N/A	N/A
116	0	0	0	0	0	0	N/A	N/A
117	1	0	1	0	0	1	1.0	1.0
118	0	0	0	0	0	0	N/A	N/A
119	0	0	0	0	0	0	N/A	N/A
120	0	0	0	0	0	0	N/A	N/A
121	1	0	0	0	1	1	1.0	1.0
122	0	0	0	0	0	0	N/A	N/A
123	0	0	0	0	0	0	N/A	N/A
124	0	0	0	0	0	0	N/A	N/A
125	0	0	0	0	0	0	N/A	N/A
126	0	0	0	0	0	0	N/A	N/A
127	0	0	0	0	0	0	N/A	N/A
128	0	0	0	0	0	0	N/A	N/A
129	0	0	0	0	0	0	N/A	N/A
130	0	0	0	0	0	0	N/A	N/A
131	0	0	0	0	0	0	N/A	N/A
132	0	0	0	0	0	0	N/A	N/A
133	0	0	0	0	0	0	N/A	N/A
134	0	0	0	0	0	0	N/A	N/A
135	0	0	0	0	0	0	N/A	N/A
136	0	0	0	0	0	0	N/A	N/A
137	0	0	0	0	0	0	N/A	N/A
138	0	0	0	0	0	0	N/A	N/A
139	0	0	0	0	0	0	N/A	N/A
140	0	0	0	0	0	0	N/A	N/A
141	0	0	0	0	0	0	N/A	N/A
142	0	0	0	0	0	0	N/A	N/A
143	0	0	0	0	0	0	N/A	N/A
144	0	0	0	0	0	0	N/A	N/A
145	0	0	0	0	0	0	N/A	N/A
146	0	0	0	0	0	0	N/A	N/A
147	0	0	0	0	0	0	N/A	N/A
148	0	0	0	0	0	0	N/A	N/A
149	0	0	0	0	0	0	N/A	N/A
150	0	0	0	0	0	0	N/A	N/A
151	0	0	0	0	0	0	N/A	N/A
152	0	0	0	0	0	0	N/A	N/A
153	0	0	0	0	0	0	N/A	N/A
154	0	0	0	0	0	0	N/A	N/A
155	0	0	0	0	0	0	N/A	N/A
156	0	0	0	0	0	0	N/A	N/A
157	0	0	0	0	0	0	N/A	N/A
158	0	0	0	0	0	0	N/A	N/A
159	0	0	0	0	0	0	N/A	N/A
160	0	0	0	0	0	0	N/A	N/A
161	0	0	0	0	0	0	N/A	N/A
162	0	0	0	0	0	0	N/A	N/A
163	0	0	0	0	0	0	N/A	N/A
164	0	0	0	0	0	0	N/A	N/A
165	0	0	0	0	0	0	N/A	N/A
166	0	0	0	0	0	0	N/A	N/A
167	0	0	0	0	0	0	N/A	N/A
168	0	0	0	0	0	0	N/A	N/A
169	0	0	0	0	0	0	N/A	N/A
170	0	0	0	0	0	0	N/A	N/A
171	0	0	0	0	0	0	N/A	N/A
172	0	0	0	0	0	0	N/A	N/A
173	0	0	0	0	0	0	N/A	N/A
174	0	0	0	0	0	0	N/A	N/A
175	0	0	0	0	0	0	N/A	N/A
176	0	0	0	0	0	0	N/A	N/A
177	0	0	0	0	0	0	N/A	N/A
178	0	0	0	0	0	0	N/A	N/A
179	0	0	0	0	0	0	N/A	N/A
180	0	0	0	0	0	0	N/A	N/A
181	0	0	0	0	0	0	N/A	N/A
182	0	0	0	0	0	0	N/A	N/A
183	0	0	0	0	0	0	N/A	N/A
184	0	0	0	0	0	0	N/A	N/A
185	0	0	0	0	0	0	N/A	N/A
186	0	0	0	0	0	0	N/A	N/A
187	0	0	0	0	0	0	N/A	N/A
188	0	0	0	0	0	0	N/A	N/A
189	0	0	0	0	0	0	N/A	N/A
190	0	0	0	0	0	0	N/A	N/A
191	0	0	0	0	0	0	N/A	N/A
192	0	0	0	0	0	0	N/A	N/A
193	0	0	0	0	0	0	N/A	N/A
194	0	0	0	0	0	0	N/A	N/A
195	0	0	0	0	0	0	N/A	N/A
196	0	0	0	0	0	0	N/A	N/A
197	0	0	0	0	0	0	N/A	N/A
198	0	0	0	0	0	0	N/A	N/A
199	0	0	0	0	0	0	N/A	N/A
200	0	0	0	0	0	0	N/A	N/A
201	0	0	0	0	0	0	N/A	N/A
202	0	0	0	0	0	0	N/A	N/A
203	0	0	0	0	0	0	N/A	N/A
204	0	0	0	0	0	0	N/A	N/A
205	0	0	0	0	0	0	N/A	N/A
206	0	0	0	0	0	0	N/A	N/A
207	0	0	0	0	0	0	N/A	N/A
208	0	0	0	0	0	0	N/A	N/A
209	0	0	0	0	0	0	N/A	N/A
210	0	0	0	0	0	0	N/A	N/A
211	0	0	0	0	0	0	N/A	N/A
212	0	0	0	0	0	0	N/A	N/A
213	0	0	0	0	0	0	N/A	N/A
214	0	0	0	0	0	0	N/A	N/A
215	0	0	0	0	0	0	N/A	N/A
216	0	0	0	0	0	0	N/A	N/A
217	0	0	0	0	0	0	N/A	N/A
218	0	0	0	0	0	0	N/A	N/A
219	0	0	0	0	0	0	N/A	N/A
220	0	0	0	0	0	0	N/A	N/A
221	0	0	0	0	0	0	N/A	N/A
222	0	0	0	0	0	0	N/A	N/A
223	0	0	0	0	0	0	N/A	N/A
224	0	0	0	0	0	0	N/A	N/A
225	0	0	0	0	0	0	N/A	N/A
226	0	0	0	0	0	0	N/A	N/A
227	0	0	0	0	0	0	N/A	N/A
228	0	0	0	0	0	0	N/A	N/A
229	0	0	0	0	0	0	N/A	N/A
230	0	0	0	0	0	0	N/A	N/A
231	0	0	0	0	0	0	N/A	N/A
232	0	0	0	0	0	0	N/A	N/A
233	0	0	0	0	0	0	N/A	N/A
234	0	0	0	0	0	0	N/A	N/A
235	0	0	0	0	0	0	N/A	N/A
236	0	0	0	0	0	0	N/A	N/A
237	0	0	0	0	0	0	N/A	N/A
238	0	0	0	0	0	0	N/A	N/A
239	0	0	0	0	0	0	N/A	N/A
240	0	0	0	0	0	0	N/A	N/A
241	0	0	0	0	0	0	N/A	N/A
242	0	0	0	0	0	0	N/A	N/A
243	0	0	0	0	0	0	N/A	N/A
244	1	1	0	0	0	0	0.0	0.9959016393442623
245	0	0	0	0	0	0	N/A	N/A
246	0	0	0	0	0	0	N/A	N/A
247	0	0	0	0	0	0	N/A	N/A
248	0	0	0	0	0	0	N/A	N/A
249	0	0	0	0	0	0	N/A	N/A
250	0	0	0	0	0	0	N/A	N/A
251	0	0	0	0	0	0	N/A	N/A
252	0	0	0	0	0	0	N/A	N/A
253	0	0	0	0	0	0	N/A	N/A
254	0	0	0	0	0	0	N/A	N/A
255	0	0	0	0	0	0	N/A	N/A
256	0	0	0	0	0	0	N/A	N/A
257	0	0	0	0	0	0	N/A	N/A
258	0	0	0	0	0	0	N/A	N/A
259	0	0	0	0	0	0	N/A	N/A
260	0	0	0	0	0	0	N/A	N/A
261	0	0	0	0	0	0	N/A	N/A
262	0	0	0	0	0	0	N/A	N/A
263	0	0	0	0	0	0	N/A	N/A
264	0	0	0	0	0	0	N/A	N/A
265	0	0	0	0	0	0	N/A	N/A
266	0	0	0	0	0	0	N/A	N/A
267	0	0	0	0	0	0	N/A	N/A
268	0	0	0	0	0	0	N/A	N/A
269	0	0	0	0	0	0	N/A	N/A
270	0	0	0	0	0	0	N/A	N/A
271	0	0	0	0	0	0	N/A	N/A
272	0	0	0	0	0	0	N/A	N/A
273	0	0	0	0	0	0	N/A	N/A
274	0	0	0	0	0	0	N/A	N/A
275	0	0	0	0	0	0	N/A	N/A
276	0	0	0	0	0	0	N/A	N/A
277	0	0	0	0	0	0	N/A	N/A
278	0	0	0	0	0	0	N/A	N/A
279	0	0	0	0	0	0	N/A	N/A
280	0	0	0	0	0	0	N/A	N/A
281	0	0	0	0	0	0	N/A	N/A
282	0	0	0	0	0	0	N/A	N/A
283	0	0	0	0	0	0	N/A	N/A
284	0	0	0	0	0	0	N/A	N/A
285	0	0	0	0	0	0	N/A	N/A
286	0	0	0	0	0	0	N/A	N/A
287	0	0	0	0	0	0	N/A	N/A
288	0	0	0	0	0	0	N/A	N/A
289	0	0	0	0	0	0	N/A	N/A
290	0	0	0	0	0	0	N/A	N/A
291	0	0	0	0	0	0	N/A	N/A
292	0	0	0	0	0	0	N/A	N/A
293	0	0	0	0	0	0	N/A	N/A
294	0	0	0	0	0	0	N/A	N/A
295	0	0	0	0	0	0	N/A	N/A
296	0	0	0	0	0	0	N/A	N/A
297	0	0	0	0	0	0	N/A	N/A
298	0	0	0	0	0	0	N/A	N/A
299	0	0	0	0	0	0	N/A	N/A
300	0	0	0	0	0	0	N/A	N/A
301	0	0	0	0	0	0	N/A	N/A
302	0	0	0	0	0	0	N/A	N/A
303	0	0	0	0	0	0	N/A	N/A
304	0	0	0	0	0	0	N/A	N/A
305	0	0	0	0	0	0	N/A	N/A
306	0	0	0	0	0	0	N/A	N/A
307	0	0	0	0	0	0	N/A	N/A
308	0	0	0	0	0	0	N/A	N/A
309	0	0	0	0	0	0	N/A	N/A
310	0	0	0	0	0	0	N/A	N/A
311	0	0	0	0	0	0	N/A	N/A
312	0	0	0	0	0	0	N/A	N/A
313	0	0	0	0	0	0	N/A	N/A
314	0	0	0	0	0	0	N/A	N/A
315	0	0	0	0	0	0	N/A	N/A
316	0	0	0	0	0	0	N/A	N/A
317	0	0	0	0	0	0	N/A	N/A
318	0	0	0	0	0	0	N/A	N/A
319	0	0	0	0	0	0	N/A	N/A
320	0	0	0	0	0	0	N/A	N/A
321	0	0	0	0	0	0	N/A	N/A
322	0	0	0	0	0	0	N/A	N/A
323	0	0	0	0	0	0	N/A	N/A
324	0	0	0	0	0	0	N/A	N/A
325	0	0	0	0	0	0	N/A	N/A
326	0	0	0	0	0	0	N/A	N/A
327	0	0	0	0	0	0	N/A	N/A
328	0	0	0	0	0	0	N/A	N/A
329	0	0	0	0	0	0	N/A	N/A
330	0	0	0	0	0	0	N/A	N/A
331	0	0	0	0	0	0	N/A	N/A
332	0	0	0	0	0	0	N/A	N/A
333	0	0	0	0	0	0	N/A	N/A
334	0	0	0	0	0	0	N/A	N/A
335	0	0	0	0	0	0	N/A	N/A
336	0	0	0	0	0	0	N/A	N/A
337	0	0	0	0	0	0	N/A	N/A
338	0	0	0	0	0	0	N/A	N/A
339	0	0	0	0	0	0	N/A	N/A
340	0	0	0	0	0	0	N/A	N/A
341	0	0	0	0	0	0	N/A	N/A
342	0	0	0	0	0	0	N/A	N/A
343	0	0	0	0	0	0	N/A	N/A
344	0	0	0	0	0	0	N/A	N/A
345	0	0	0	0	0	0	N/A	N/A
346	0	0	0	0	0	0	N/A	N/A
347	0	0	0	0	0	0	N/A	N/A
348	0	0	0	0	0	0	N/A	N/A
349	0	0	0	0	0	0	N/A	N/A
350	0	0	0	0	0	0	N/A	N/A
351	0	0	0	0	0	0	N/A	N/A
352	0	0	0	0	0	0	N/A	N/A
353	0	0	0	0	0	0	N/A	N/A
354	0	0	0	0	0	0	N/A	N/A
355	0	0	0	0	0	0	N/A	N/A
356	0	0	0	0	0	0	N/A	N/A
357	0	0	0	0	0	0	N/A	N/A
358	0	0	0	0	0	0	N/A	N/A
359	0	0	0	0	0	0	N/A	N/A
360	0	0	0	0	0	0	N/A	N/A
361	0	0	0	0	0	0	N/A	N/A
362	0	0	0	0	0	0	N/A	N/A
363	0	0	0	0	0	0	N/A	N/A
364	0	0	0	0	0	0	N/A	N/A
365	0	0	0	0	0	0	N/A	N/A
366	0	0	0	0	0	0	N/A	N/A
367	0	0	0	0	0	0	N/A	N/A
368	0	0	0	0	0	0	N/A	N/A
369	0	0	0	0	0	0	N/A	N/A
370	0	0	0	0	0	0	N/A	N/A
371	0	0	0	0	0	0	N/A	N/A
372	0	0	0	0	0	0	N/A	N/A
373	0	0	0	0	0	0	N/A	N/A
374	0	0	0	0	0	0	N/A	N/A
375	0	0	0	0	0	0	N/A	N/A
376	0	0	0	0	0	0	N/A	N/A
377	0	0	0	0	0	0	N/A	N/A
378	0	0	0	0	0	0	N/A	N/A
379	0	0	0	0	0	0	N/A	N/A
380	0	0	0	0	0	0	N/A	N/A
381	0	0	0	0	0	0	N/A	N/A
382	0	0	0	0	0	0	N/A	N/A
383	0	0	0	0	0	0	N/A	N/A
384	0	0	0	0	0	0	N/A	N/A
385	0	0	0	0	0	0	N/A	N/A
386	0	0	0	0	0	0	N/A	N/A
387	0	0	0	0	0	0	N/A	N/A
388	0	0	0	0	0	0	N/A	N/A
389	0	0	0	0	0	0	N/A	N/A
390	0	0	0	0	0	0	N/A	N/A
391	0	0	0	0	0	0	N/A	N/A
392	0	0	0	0	0	0	N/A	N/A
393	0	0	0	0	0	0	N/A	N/A
394	0	0	0	0	0	0	N/A	N/A
395	0	0	0	0	0	0	N/A	N/A
396	0	0	0	0	0	0	N/A	N/A
397	0	0	0	0	0	0	N/A	N/A
398	0	0	0	0	0	0	N/A	N/A
399	0	0	0	0	0	0	N/A	N/A
400	0	0	0	0	0	0	N/A	N/A
401	0	0	0	0	0	0	N/A	N/A
402	0	0	0	0	0	0	N/A	N/A
403	0	0	0	0	0	0	N/A	N/A
404	0	0	0	0	0	0	N/A	N/A
405	0	0	0	0	0	0	N/A	N/A
406	0	0	0	0	0	0	N/A	N/A
407	0	0	0	0	0	0	N/A	N/A
408	0	0	0	0	0	0	N/A	N/A
409	0	0	0	0	0	0	N/A	N/A
410	0	0	0	0	0	0	N/A	N/A
411	0	0	0	0	0	0	N/A	N/A
412	0	0	0	0	0	0	N/A	N/A
413	0	0	0	0	0	0	N/A	N/A
414	0	0	0	0	0	0	N/A	N/A
415	0	0	0	0	0	0	N/A	N/A
416	0	0	0	0	0	0	N/A	N/A
417	0	0	0	0	0	0	N/A	N/A
418	0	0	0	0	0	0	N/A	N/A
419	0	0	0	0	0	0	N/A	N/A
420	0	0	0	0	0	0	N/A	N/A
421	0	0	0	0	0	0	N/A	N/A
422	0	0	0	0	0	0	N/A	N/A
423	0	0	0	0	0	0	N/A	N/A
424	0	0	0	0	0	0	N/A	N/A
425	0	0	0	0	0	0	N/A	N/A
426	0	0	0	0	0	0	N/A	N/A
427	0	0	0	0	0	0	N/A	N/A
428	0	0	0	0	0	0	N/A	N/A
429	0	0	0	0	0	0	N/A	N/A
430	0	0	0	0	0	0	N/A	N/A
431	0	0	0	0	0	0	N/A	N/A
432	0	0	0	0	0	0	N/A	N/A
433	0	0	0	0	0	0	N/A	N/A
434	0	0	0	0	0	0	N/A	N/A
435	0	0	0	0	0	0	N/A	N/A
436	0	0	0	0	0	0	N/A	N/A
437	0	0	0	0	0	0	N/A	N/A
438	0	0	0	0	0	0	N/A	N/A
439	0	0	0	0	0	0	N/A	N/A
440	0	0	0	0	0	0	N/A	N/A
441	0	0	0	0	0	0	N/A	N/A
442	0	0	0	0	0	0	N/A	N/A
443	0	0	0	0	0	0	N/A	N/A
444	0	0	0	0	0	0	N/A	N/A
445	0	0	0	0	0	0	N/A	N/A
446	0	0	0	0	0	0	N/A	N/A
447	0	0	0	0	0	0	N/A	N/A
448	0	0	0	0	0	0	N/A	N/A
449	0	0	0	0	0	0	N/A	N/A
450	0	0	0	0	0	0	N/A	N/A
451	0	0	0	0	0	0	N/A	N/A
452	0	0	0	0	0	0	N/A	N/A
453	0	0	0	0	0	0	N/A	N/A
454	0	0	0	0	0	0	N/A	N/A
455	0	0	0	0	0	0	N/A	N/A
456	0	0	0	0	0	0	N/A	N/A
457	0	0	0	0	0	0	N/A	N/A
458	0	0	0	0	0	0	N/A	N/A
459	0	0	0	0	0	0	N/A	N/A
460	0	0	0	0	0	0	N/A	N/A
461	0	0	0	0	0	0	N/A	N/A
462	0	0	0	0	0	0	N/A	N/A
463	0	0	0	0	0	0	N/A	N/A
464	0	0	0	0	0	0	N/A	N/A
465	0	0	0	0	0	0	N/A	N/A
466	0	0	0	0	0	0	N/A	N/A
467	0	0	0	0	0	0	N/A	N/A
468	0	0	0	0	0	0	N/A	N/A
469	0	0	0	0	0	0	N/A	N/A
470	0	0	0	0	0	0	N/A	N/A
471	0	0	0	0	0	0	N/A	N/A
472	0	0	0	0	0	0	N/A	N/A
473	0	0	0	0	0	0	N/A	N/A
474	0	0	0	0	0	0	N/A	N/A
475	0	0	0	0	0	0	N/A	N/A
476	0	0	0	0	0	0	N/A	N/A
477	0	0	0	0	0	0	N/A	N/A
478	0	0	0	0	0	0	N/A	N/A
479	0	0	0	0	0	0	N/A	N/A
480	0	0	0	0	0	0	N/A	N/A
481	0	0	0	0	0	0	N/A	N/A
482	0	0	0	0	0	0	N/A	N/A
483	0	0	0	0	0	0	N/A	N/A
484	0	0	0	0	0	0	N/A	N/A
485	0	0	0	0	0	0	N/A	N/A
486	0	0	0	0	0	0	N/A	N/A
487	1	0	1	0	0	0	0.0	0.997946611909651
488	0	0	0	0	0	0	N/A	N/A
489	0	0	0	0	0	0	N/A	N/A
490	0	0	0	0	0	0	N/A	N/A
491	0	0	0	0	0	0	N/A	N/A
492	0	0	0	0	0	0	N/A	N/A
493	0	0	0	0	0	0	N/A	N/A
494	0	0	0	0	0	0	N/A	N/A
495	0	0	0	0	0	0	N/A	N/A
496	0	0	0	0	0	0	N/A	N/A
497	0	0	0	0	0	0	N/A	N/A
498	0	0	0	0	0	0	N/A	N/A
499	0	0	0	0	0	0	N/A	N/A
500	0	0	0	0	0	0	N/A	N/A
501	0	0	0	0	0	0	N/A	N/A
502	0	0	0	0	0	0	N/A	N/A
503	0	0	0	0	0	0	N/A	N/A
504	0	0	0	0	0	0	N/A	N/A
505	0	0	0	0	0	0	N/A	N/A
506	0	0	0	0	0	0	N/A	N/A
507	0	0	0	0	0	0	N/A	N/A
508	0	0	0	0	0	0	N/A	N/A
509	0	0	0	0	0	0	N/A	N/A
510	0	0	0	0	0	0	N/A	N/A
511	0	0	0	0	0	0	N/A	N/A
512	0	0	0	0	0	0	N/A	N/A
513	0	0	0	0	0	0	N/A	N/A
514	0	0	0	0	0	0	N/A	N/A
515	0	0	0	0	0	0	N/A	N/A
516	0	0	0	0	0	0	N/A	N/A
517	0	0	0	0	0	0	N/A	N/A
518	0	0	0	0	0	0	N/A	N/A
519	0	0	0	0	0	0	N/A	N/A
520	0	0	0	0	0	0	N/A	N/A
521	0	0	0	0	0	0	N/A	N/A
522	0	0	0	0	0	0	N/A	N/A
523	0	0	0	0	0	0	N/A	N/A
524	0	0	0	0	0	0	N/A	N/A
525	0	0	0	0	0	0	N/A	N/A
526	0	0	0	0	0	0	N/A	N/A
527	0	0	0	0	0	0	N/A	N/A
528	0	0	0	0	0	0	N/A	N/A
529	0	0	0	0	0	0	N/A	N/A
530	0	0	0	0	0	0	N/A	N/A
531	0	0	0	0	0	0	N/A	N/A
532	0	0	0	0	0	0	N/A	N/A
533	0	0	0	0	0	0	N/A	N/A
534	0	0	0	0	0	0	N/A	N/A
535	0	0	0	0	0	0	N/A	N/A
536	0	0	0	0	0	0	N/A	N/A
537	0	0	0	0	0	0	N/A	N/A
538	0	0	0	0	0	0	N/A	N/A
539	0	0	0	0	0	0	N/A	N/A
540	0	0	0	0	0	0	N/A	N/A
541	0	0	0	0	0	0	N/A	N/A
542	0	0	0	0	0	0	N/A	N/A
543	0	0	0	0	0	0	N/A	N/A
544	0	0	0	0	0	0	N/A	N/A
545	0	0	0	0	0	0	N/A	N/A
546	0	0	0	0	0	0	N/A	N/A
547	0	0	0	0	0	0	N/A	N/A
548	0	0	0	0	0	0	N/A	N/A
549	0	0	0	0	0	0	N/A	N/A
550	0	0	0	0	0	0	N/A	N/A
551	0	0	0	0	0	0	N/A	N/A
552	0	0	0	0	0	0	N/A	N/A
553	0	0	0	0	0	0	N/A	N/A
554	0	0	0	0	0	0	N/A	N/A
555	0	0	0	0	0	0	N/A	N/A
556	0	0	0	0	0	0	N/A	N/A
557	0	0	0	0	0	0	N/A	N/A
558	0	0	0	0	0	0	N/A	N/A
559	0	0	0	0	0	0	N/A	N/A
560	0	0	0	0	0	0	N/A	N/A
561	0	0	0	0	0	0	N/A	N/A
562	0	0	0	0	0	0	N/A	N/A
563	0	0	0	0	0	0	N/A	N/A
564	0	0	0	0	0	0	N/A	N/A
565	0	0	0	0	0	0	N/A	N/A
566	0	0	0	0	0	0	N/A	N/A
567	0	0	0	0	0	0	N/A	N/A
568	0	0	0	0	0	0	N/A	N/A
569	0	0	0	0	0	0	N/A	N/A
570	0	0	0	0	0	0	N/A	N/A
571	0	0	0	0	0	0	N/A	N/A
572	0	0	0	0	0	0	N/A	N/A
573	0	0	0	0	0	0	N/A	N/A
574	0	0	0	0	0	0	N/A	N/A
575	0	0	0	0	0	0	N/A	N/A
576	0	0	0	0	0	0	N/A	N/A
577	0	0	0	0	0	0	N/A	N/A
578	0	0	0	0	0	0	N/A	N/A
579	0	0	0	0	0	0	N/A	N/A
580	0	0	0	0	0	0	N/A	N/A
581	0	0	0	0	0	0	N/A	N/A
582	0	0	0	0	0	0	N/A	N/A
583	0	0	0	0	0	0	N/A	N/A
584	0	0	0	0	0	0	N/A	N/A
585	0	0	0	0	0	0	N/A	N/A
586	0	0	0	0	0	0	N/A	N/A
587	0	0	0	0	0	0	N/A	N/A
588	0	0	0	0	0	0	N/A	N/A
589	0	0	0	0	0	0	N/A	N/A
590	0	0	0	0	0	0	N/A	N/A
591	0	0	0	0	0	0	N/A	N/A
592	0	0	0	0	0	0	N/A	N/A
593	0	0	0	0	0	0	N/A	N/A
594	0	0	0	0	0	0	N/A	N/A
595	0	0	0	0	0	0	N/A	N/A
596	0	0	0	0	0	0	N/A	N/A
597	0	0	0	0	0	0	N/A	N/A
598	0	0	0	0	0	0	N/A	N/A
599	0	0	0	0	0	0	N/A	N/A
600	0	0	0	0	0	0	N/A	N/A
601	0	0	0	0	0	0	N/A	N/A
602	0	0	0	0	0	0	N/A	N/A
603	0	0	0	0	0	0	N/A	N/A
604	0	0	0	0	0	0	N/A	N/A
605	0	0	0	0	0	0	N/A	N/A
606	0	0	0	0	0	0	N/A	N/A
607	0	0	0	0	0	0	N/A	N/A
608	0	0	0	0	0	0	N/A	N/A
609	0	0	0	0	0	0	N/A	N/A
610	0	0	0	0	0	0	N/A	N/A
611	0	0	0	0	0	0	N/A	N/A
612	0	0	0	0	0	0	N/A	N/A
613	0	0	0	0	0	0	N/A	N/A
614	0	0	0	0	0	0	N/A	N/A
615	0	0	0	0	0	0	N/A	N/A
616	0	0	0	0	0	0	N/A	N/A
617	0	0	0	0	0	0	N/A	N/A
618	0	0	0	0	0	0	N/A	N/A
619	0	0	0	0	0	0	N/A	N/A
620	0	0	0	0	0	0	N/A	N/A
621	0	0	0	0	0	0	N/A	N/A
622	0	0	0	0	0	0	N/A	N/A
623	0	0	0	0	0	0	N/A	N/A
624	0	0	0	0	0	0	N/A	N/A
625	0	0	0	0	0	0	N/A	N/A
626	0	0	0	0	0	0	N/A	N/A
627	0	0	0	0	0	0	N/A	N/A
628	0	0	0	0	0	0	N/A	N/A
629	0	0	0	0	0	0	N/A	N/A
630	0	0	0	0	0	0	N/A	N/A
631	0	0	0	0	0	0	N/A	N/A
632	0	0	0	0	0	0	N/A	N/A
633	0	0	0	0	0	0	N/A	N/A
634	0	0	0	0	0	0	N/A	N/A
635	0	0	0	0	0	0	N/A	N/A
636	0	0	0	0	0	0	N/A	N/A
637	0	0	0	0	0	0	N/A	N/A
638	0	0	0	0	0	0	N/A	N/A
639	0	0	0	0	0	0	N/A	N/A
640	0	0	0	0	0	0	N/A	N/A
641	0	0	0	0	0	0	N/A	N/A
642	0	0	0	0	0	0	N/A	N/A
643	0	0	0	0	0	0	N/A	N/A
644	0	0	0	0	0	0	N/A	N/A
645	0	0	0	0	0	0	N/A	N/A
646	0	0	0	0	0	0	N/A	N/A
647	0	0	0	0	0	0	N/A	N/A
648	0	0	0	0	0	0	N/A	N/A
649	0	0	0	0	0	0	N/A	N/A
650	0	0	0	0	0	0	N/A	N/A
651	0	0	0	0	0	0	N/A	N/A
652	0	0	0	0	0	0	N/A	N/A
653	0	0	0	0	0	0	N/A	N/A
654	0	0	0	0	0	0	N/A	N/A
655	0	0	0	0	0	0	N/A	N/A
656	0	0	0	0	0	0	N/A	N/A
657	0	0	0	0	0	0	N/A	N/A
658	0	0	0	0	0	0	N/A	N/A
659	0	0	0	0	0	0	N/A	N/A
660	0	0	0	0	0	0	N/A	N/A
661	0	0	0	0	0	0	N/A	N/A
662	0	0	0	0	0	0	N/A	N/A
663	0	0	0	0	0	0	N/A	N/A
664	0	0	0	0	0	0	N/A	N/A
665	0	0	0	0	0	0	N/A	N/A
666	0	0	0	0	0	0	N/A	N/A
667	0	0	0	0	0	0	N/A	N/A
668	0	0	0	0	0	0	N/A	N/A
669	0	0	0	0	0	0	N/A	N/A
670	0	0	0	0	0	0	N/A	N/A
671	0	0	0	0	0	0	N/A	N/A
672	0	0	0	0	0	0	N/A	N/A
673	0	0	0	0	0	0	N/A	N/A
674	0	0	0	0	0	0	N/A	N/A
675	0	0	0	0	0	0	N/A	N/A
676	0	0	0	0	0	0	N/A	N/A
677	0	0	0	0	0	0	N/A	N/A
678	0	0	0	0	0	0	N/A	N/A
679	0	0	0	0	0	0	N/A	N/A
680	0	0	0	0	0	0	N/A	N/A
681	0	0	0	0	0	0	N/A	N/A
682	0	0	0	0	0	0	N/A	N/A
683	0	0	0	0	0	0	N/A	N/A
684	0	0	0	0	0	0	N/A	N/A
685	0	0	0	0	0	0	N/A	N/A
686	0	0	0	0	0	0	N/A	N/A
687	0	0	0	0	0	0	N/A	N/A
688	0	0	0	0	0	0	N/A	N/A
689	0	0	0	0	0	0	N/A	N/A
690	0	0	0	0	0	0	N/A	N/A
691	0	0	0	0	0	0	N/A	N/A
692	0	0	0	0	0	0	N/A	N/A
693	0	0	0	0	0	0	N/A	N/A
694	0	0	0	0	0	0	N/A	N/A
695	0	0	0	0	0	0	N/A	N/A
696	0	0	0	0	0	0	N/A	N/A
697	0	0	0	0	0	0	N/A	N/A
698	0	0	0	0	0	0	N/A	N/A
699	0	0	0	0	0	0	N/A	N/A
700	0	0	0	0	0	0	N/A	N/A
701	0	0	0	0	0	0	N/A	N/A
702	0	0	0	0	0	0	N/A	N/A
703	0	0	0	0	0	0	N/A	N/A
704	0	0	0	0	0	0	N/A	N/A
705	0	0	0	0	0	0	N/A	N/A
706	0	0	0	0	0	0	N/A	N/A
707	0	0	0	0	0	0	N/A	N/A
708	0	0	0	0	0	0	N/A	N/A
709	0	0	0	0	0	0	N/A	N/A
710	0	0	0	0	0	0	N/A	N/A
711	0	0	0	0	0	0	N/A	N/A
712	0	0	0	0	0	0	N/A	N/A
713	0	0	0	0	0	0	N/A	N/A
714	0	0	0	0	0	0	N/A	N/A
715	0	0	0	0	0	0	N/A	N/A
716	0	0	0	0	0	0	N/A	N/A
717	0	0	0	0	0	0	N/A	N/A
718	0	0	0	0	0	0	N/A	N/A
719	0	0	0	0	0	0	N/A	N/A
720	0	0	0	0	0	0	N/A	N/A
721	0	0	0	0	0	0	N/A	N/A
722	0	0	0	0	0	0	N/A	N/A
723	0	0	0	0	0	0	N/A	N/A
724	0	0	0	0	0	0	N/A	N/A
725	0	0	0	0	0	0	N/A	N/A
726	0	0	0	0	0	0	N/A	N/A
727	0	0	0	0	0	0	N/A	N/A
728	0	0	0	0	0	0	N/A	N/A
729	0	0	0	0	0	0	N/A	N/A
730	0	0	0	0	0	0	N/A	N/A
731	0	0	0	0	0	0	N/A	N/A
732	0	0	0	0	0	0	N/A	N/A
733	0	0	0	0	0	0	N/A	N/A
734	0	0	0	0	0	0	N/A	N/A
735	0	0	0	0	0	0	N/A	N/A
736	0	0	0	0	0	0	N/A	N/A
737	0	0	0	0	0	0	N/A	N/A
738	0	0	0	0	0	0	N/A	N/A
739	0	0	0	0	0	0	N/A	N/A
740	0	0	0	0	0	0	N/A	N/A
741	0	0	0	0	0	0	N/A	N/A
742	0	0	0	0	0	0	N/A	N/A
743	0	0	0	0	0	0	N/A	N/A
744	0	0	0	0	0	0	N/A	N/A
745	0	0	0	0	0	0	N/A	N/A
746	0	0	0	0	0	0	N/A	N/A
747	0	0	0	0	0	0	N/A	N/A
748	0	0	0	0	0	0	N/A	N/A
749	0	0	0	0	0	0	N/A	N/A
750	0	0	0	0	0	0	N/A	N/A
751	0	0	0	0	0	0	N/A	N/A
752	0	0	0	0	0	0	N/A	N/A
753	0	0	0	0	0	0	N/A	N/A
754	0	0	0	0	0	0	N/A	N/A
755	0	0	0	0	0	0	N/A	N/A
756	0	0	0	0	0	0	N/A	N/A
757	0	0	0	0	0	0	N/A	N/A
758	0	0	0	0	0	0	N/A	N/A
759	0	0	0	0	0	0	N/A	N/A
760	0	0	0	0	0	0	N/A	N/A
761	0	0	0	0	0	0	N/A	N/A
762	0	0	0	0	0	0	N/A	N/A
763	0	0	0	0	0	0	N/A	N/A
764	0	0	0	0	0	0	N/A	N/A
765	0	0	0	0	0	0	N/A	N/A
766	0	0	0	0	0	0	N/A	N/A
767	0	0	0	0	0	0	N/A	N/A
768	0	0	0	0	0	0	N/A	N/A
769	0	0	0	0	0	0	N/A	N/A
770	0	0	0	0	0	0	N/A	N/A
771	0	0	0	0	0	0	N/A	N/A
772	0	0	0	0	0	0	N/A	N/A
773	0	0	0	0	0	0	N/A	N/A
774	0	0	0	0	0	0	N/A	N/A
775	0	0	0	0	0	0	N/A	N/A
776	0	0	0	0	0	0	N/A	N/A
777	0	0	0	0	0	0	N/A	N/A
778	0	0	0	0	0	0	N/A	N/A
779	0	0	0	0	0	0	N/A	N/A
780	0	0	0	0	0	0	N/A	N/A
781	0	0	0	0	0	0	N/A	N/A
782	0	0	0	0	0	0	N/A	N/A
783	0	0	0	0	0	0	N/A	N/A
784	0	0	0	0	0	0	N/A	N/A
785	0	0	0	0	0	0	N/A	N/A
786	0	0	0	0	0	0	N/A	N/A
787	0	0	0	0	0	0	N/A	N/A
788	0	0	0	0	0	0	N/A	N/A
789	0	0	0	0	0	0	N/A	N/A
790	0	0	0	0	0	0	N/A	N/A
791	0	0	0	0	0	0	N/A	N/A
792	0	0	0	0	0	0	N/A	N/A
793	0	0	0	0	0	0	N/A	N/A
794	0	0	0	0	0	0	N/A	N/A
795	0	0	0	0	0	0	N/A	N/A
796	0	0	0	0	0	0	N/A	N/A
797	0	0	0	0	0	0	N/A	N/A
798	0	0	0	0	0	0	N/A	N/A
799	0	0	0	0	0	0	N/A	N/A
800	0	0	0	0	0	0	N/A	N/A
801	0	0	0	0	0	0	N/A	N/A
802	0	0	0	0	0	0	N/A	N/A
803	0	0	0	0	0	0	N/A	N/A
804	0	0	0	0	0	0	N/A	N/A
805	0	0	0	0	0	0	N/A	N/A
806	0	0	0	0	0	0	N/A	N/A
807	0	0	0	0	0	0	N/A	N/A
808	0	0	0	0	0	0	N/A	N/A
809	0	0	0	0	0	0	N/A	N/A
810	0	0	0	0	0	0	N/A	N/A
811	0	0	0	0	0	0	N/A	N/A
812	0	0	0	0	0	0	N/A	N/A
813	0	0	0	0	0	0	N/A	N/A
814	0	0	0	0	0	0	N/A	N/A
815	0	0	0	0	0	0	N/A	N/A
816	0	0	0	0	0	0	N/A	N/A
817	0	0	0	0	0	0	N/A	N/A
818	0	0	0	0	0	0	N/A	N/A
819	0	0	0	0	0	0	N/A	N/A
820	0	0	0	0	0	0	N/A	N/A
821	0	0	0	0	0	0	N/A	N/A
822	0	0	0	0	0	0	N/A	N/A
823	0	0	0	0	0	0	N/A	N/A
824	0	0	0	0	0	0	N/A	N/A
825	0	0	0	0	0	0	N/A	N/A
826	0	0	0	0	0	0	N/A	N/A
827	0	0	0	0	0	0	N/A	N/A
828	0	0	0	0	0	0	N/A	N/A
829	0	0	0	0	0	0	N/A	N/A
830	0	0	0	0	0	0	N/A	N/A
831	0	0	0	0	0	0	N/A	N/A
832	0	0	0	0	0	0	N/A	N/A
833	0	0	0	0	0	0	N/A	N/A
834	0	0	0	0	0	0	N/A	N/A
835	0	0	0	0	0	0	N/A	N/A
836	0	0	0	0	0	0	N/A	N/A
837	0	0	0	0	0	0	N/A	N/A
838	0	0	0	0	0	0	N/A	N/A
839	0	0	0	0	0	0	N/A	N/A
840	0	0	0	0	0	0	N/A	N/A
841	0	0	0	0	0	0	N/A	N/A
842	0	0	0	0	0	0	N/A	N/A
843	0	0	0	0	0	0	N/A	N/A
844	0	0	0	0	0	0	N/A	N/A
845	0	0	0	0	0	0	N/A	N/A
846	0	0	0	0	0	0	N/A	N/A
847	0	0	0	0	0	0	N/A	N/A
848	0	0	0	0	0	0	N/A	N/A
849	0	0	0	0	0	0	N/A	N/A
850	0	0	0	0	0	0	N/A	N/A
851	0	0	0	0	0	0	N/A	N/A
852	0	0	0	0	0	0	N/A	N/A
853	0	0	0	0	0	0	N/A	N/A
854	0	0	0	0	0	0	N/A	N/A
855	0	0	0	0	0	0	N/A	N/A
856	0	0	0	0	0	0	N/A	N/A
857	0	0	0	0	0	0	N/A	N/A
858	0	0	0	0	0	0	N/A	N/A
859	0	0	0	0	0	0	N/A	N/A
860	0	0	0	0	0	0	N/A	N/A
861	0	0	0	0	0	0	N/A	N/A
862	0	0	0	0	0	0	N/A	N/A
863	0	0	0	0	0	0	N/A	N/A
864	0	0	0	0	0	0	N/A	N/A
865	0	0	0	0	0	0	N/A	N/A
866	0	0	0	0	0	0	N/A	N/A
867	0	0	0	0	0	0	N/A	N/A
868	0	0	0	0	0	0	N/A	N/A
869	0	0	0	0	0	0	N/A	N/A
870	0	0	0	0	0	0	N/A	N/A
871	0	0	0	0	0	0	N/A	N/A
872	0	0	0	0	0	0	N/A	N/A
873	0	0	0	0	0	0	N/A	N/A
874	0	0	0	0	0	0	N/A	N/A
875	0	0	0	0	0	0	N/A	N/A
876	0	0	0	0	0	0	N/A	N/A
877	0	0	0	0	0	0	N/A	N/A
878	0	0	0	0	0	0	N/A	N/A
879	0	0	0	0	0	0	N/A	N/A
880	0	0	0	0	0	0	N/A	N/A
881	0	0	0	0	0	0	N/A	N/A
882	0	0	0	0	0	0	N/A	N/A
883	0	0	0	0	0	0	N/A	N/A
884	0	0	0	0	0	0	N/A	N/A
885	0	0	0	0	0	0	N/A	N/A
886	0	0	0	0	0	0	N/A	N/A
887	0	0	0	0	0	0	N/A	N/A
888	0	0	0	0	0	0	N/A	N/A
889	0	0	0	0	0	0	N/A	N/A
890	0	0	0	0	0	0	N/A	N/A
891	0	0	0	0	0	0	N/A	N/A
892	0	0	0	0	0	0	N/A	N/A
893	0	0	0	0	0	0	N/A	N/A
894	0	0	0	0	0	0	N/A	N/A
895	0	0	0	0	0	0	N/A	N/A
896	0	0	0	0	0	0	N/A	N/A
897	0	0	0	0	0	0	N/A	N/A
898	0	0	0	0	0	0	N/A	N/A
899	0	0	0	0	0	0	N/A	N/A
900	0	0	0	0	0	0	N/A	N/A
901	0	0	0	0	0	0	N/A	N/A
902	0	0	0	0	0	0	N/A	N/A
903	0	0	0	0	0	0	N/A	N/A
904	0	0	0	0	0	0	N/A	N/A
905	0	0	0	0	0	0	N/A	N/A
906	0	0	0	0	0	0	N/A	N/A
907	0	0	0	0	0	0	N/A	N/A
908	0	0	0	0	0	0	N/A	N/A
909	0	0	0	0	0	0	N/A	N/A
910	0	0	0	0	0	0	N/A	N/A
911	0	0	0	0	0	0	N/A	N/A
912	0	0	0	0	0	0	N/A	N/A
913	0	0	0	0	0	0	N/A	N/A
914	0	0	0	0	0	0	N/A	N/A
915	0	0	0	0	0	0	N/A	N/A
916	0	0	0	0	0	0	N/A	N/A
917	0	0	0	0	0	0	N/A	N/A
918	0	0	0	0	0	0	N/A	N/A
919	0	0	0	0	0	0	N/A	N/A
920	0	0	0	0	0	0	N/A	N/A
921	0	0	0	0	0	0	N/A	N/A
922	0	0	0	0	0	0	N/A	N/A
923	0	0	0	0	0	0	N/A	N/A
924	0	0	0	0	0	0	N/A	N/A
925	0	0	0	0	0	0	N/A	N/A
926	0	0	0	0	0	0	N/A	N/A
927	0	0	0	0	0	0	N/A	N/A
928	0	0	0	0	0	0	N/A	N/A
929	0	0	0	0	0	0	N/A	N/A
930	0	0	0	0	0	0	N/A	N/A
931	0	0	0	0	0	0	N/A	N/A
932	0	0	0	0	0	0	N/A	N/A
933	0	0	0	0	0	0	N/A	N/A
934	0	0	0	0	0	0	N/A	N/A
935	0	0	0	0	0	0	N/A	N/A
936	0	0	0	0	0	0	N/A	N/A
937	0	0	0	0	0	0	N/A	N/A
938	0	0	0	0	0	0	N/A	N/A
939	0	0	0	0	0	0	N/A	N/A
940	0	0	0	0	0	0	N/A	N/A
941	0	0	0	0	0	0	N/A	N/A
942	0	0	0	0	0	0	N/A	N/A
943	0	0	0	0	0	0	N/A	N/A
944	1	0	0	0	1	0	0.0	0.9957627118644068
945	0	0	0	0	0	0	N/A	N/A
946	0	0	0	0	0	0	N/A	N/A
947	0	0	0	0	0	0	N/A	N/A
948	0	0	0	0	0	0	N/A	N/A
949	0	0	0	0	0	0	N/A	N/A
950	0	0	0	0	0	0	N/A	N/A
951	0	0	0	0	0	0	N/A	N/A
952	0	0	0	0	0	0	N/A	N/A
953	0	0	0	0	0	0	N/A	N/A
954	0	0	0	0	0	0	N/A	N/A
955	0	0	0	0	0	0	N/A	N/A
956	0	0	0	0	0	0	N/A	N/A
957	0	0	0	0	0	0	N/A	N/A
958	0	0	0	0	0	0	N/A	N/A
959	0	0	0	0	0	0	N/A	N/A
960	0	0	0	0	0	0	N/A	N/A
961	0	0	0	0	0	0	N/A	N/A
962	0	0	0	0	0	0	N/A	N/A
963	0	0	0	0	0	0	N/A	N/A
964	0	0	0	0	0	0	N/A	N/A
965	0	0	0	0	0	0	N/A	N/A
966	0	0	0	0	0	0	N/A	N/A
967	0	0	0	0	0	0	N/A	N/A
968	0	0	0	0	0	0	N/A	N/A
969	0	0	0	0	0	0	N/A	N/A
970	0	0	0	0	0	0	N/A	N/A
971	0	0	0	0	0	0	N/A	N/A
972	0	0	0	0	0	0	N/A	N/A
973	0	0	0	0	0	0	N/A	N/A
974	0	0	0	0	0	0	N/A	N/A
975	0	0	0	0	0	0	N/A	N/A
976	0	0	0	0	0	0	N/A	N/A
977	0	0	0	0	0	0	N/A	N/A
978	0	0	0	0	0	0	N/A	N/A
979	0	0	0	0	0	0	N/A	N/A
980	0	0	0	0	0	0	N/A	N/A
981	0	0	0	0	0	0	N/A	N/A
982	0	0	0	0	0	0	N/A	N/A
983	0	0	0	0	0	0	N/A	N/A
984	0	0	0	0	0	0	N/A	N/A
985	0	0	0	0	0	0	N/A	N/A
986	0	0	0	0	0	0	N/A	N/A
987	0	0	0	0	0	0	N/A	N/A
988	0	0	0	0	0	0	N/A	N/A
989	0	0	0	0	0	0	N/A	N/A
990	0	0	0	0	0	0	N/A	N/A
991	0	0	0	0	0	0	N/A	N/A
992	0	0	0	0	0	0	N/A	N/A
993	0	0	0	0	0	0	N/A	N/A
994	0	0	0	0	0	0	N/A	N/A
995	0	0	0	0	0	0	N/A	N/A
996	0	0	0	0	0	0	N/A	N/A
997	0	0	0	0	0	0	N/A	N/A
998	0	0	0	0	0	0	N/A	N/A
999	0	0	0	0	0	0	N/A	N/A
1000	0	0	0	0	0	0	N/A	N/A
1001	0	0	0	0	0	0	N/A	N/A
1002	0	0	0	0	0	0	N/A	N/A
1003	0	0	0	0	0	0	N/A	N/A
1004	0	0	0	0	0	0	N/A	N/A
1005	0	0	0	0	0	0	N/A	N/A
1006	0	0	0	0	0	0	N/A	N/A
1007	0	0	0	0	0	0	N/A	N/A
1008	0	0	0	0	0	0	N/A	N/A
1009	0	0	0	0	0	0	N/A	N/A
1010	0	0	0	0	0	0	N/A	N/A
1011	0	0	0	0	0	0	N/A	N/A
1012	0	0	0	0	0	0	N/A	N/A
1013	0	0	0	0	0	0	N/A	N/A
1014	0	0	0	0	0	0	N/A	N/A
1015	0	0	0	0	0	0	N/A	N/A
1016	0	0	0	0	0	0	N/A	N/A
1017	0	0	0	0	0	0	N/A	N/A
1018	0	0	0	0	0	0	N/A	N/A
1019	0	0	0	0	0	0	N/A	N/A
1020	0	0	0	0	0	0	N/A	N/A
1021	0	0	0	0	0	0	N/A	N/A
1022	0	0	0	0	0	0	N/A	N/A
1023	0	0	0	0	0	0	N/A	N/A
1024	0	0	0	0	0	0	N/A	N/A
1025	0	0	0	0	0	0	N/A	N/A
1026	0	0	0	0	0	0	N/A	N/A
1027	0	0	0	0	0	0	N/A	N/A
1028	0	0	0	0	0	0	N/A	N/A
1029	0	0	0	0	0	0	N/A	N/A
1030	0	0	0	0	0	0	N/A	N/A
1031	0	0	0	0	0	0	N/A	N/A
1032	0	0	0	0	0	0	N/A	N/A
1033	0	0	0	0	0	0	N/A	N/A
1034	0	0	0	0	0	0	N/A	N/A
1035	0	0	0	0	0	0	N/A	N/A
1036	0	0	0	0	0	0	N/A	N/A
1037	0	0	0	0	0	0	N/A	N/A
1038	0	0	0	0	0	0	N/A	N/A
1039	0	0	0	0	0	0	N/A	N/A
1040	0	0	0	0	0	0	N/A	N/A
1041	0	0	0	0	0	0	N/A	N/A
1042	0	0	0	0	0	0	N/A	N/A
1043	0	0	0	0	0	0	N/A	N/A
1044	0	0	0	0	0	0	N/A	N/A
1045	0	0	0	0	0	0	N/A	N/A
1046	0	0	0	0	0	0	N/A	N/A
1047	0	0	0	0	0	0	N/A	N/A
1048	0	0	0	0	0	0	N/A	N/A
1049	0	0	0	0	0	0	N/A	N/A
1050	0	0	0	0	0	0	N/A	N/A
1051	0	0	0	0	0	0	N/A	N/A
1052	0	0	0	0	0	0	N/A	N/A
1053	0	0	0	0	0	0	N/A	N/A
1054	0	0	0	0	0	0	N/A	N/A
1055	0	0	0	0	0	0	N/A	N/A
1056	0	0	0	0	0	0	N/A	N/A
1057	0	0	0	0	0	0	N/A	N/A
1058	0	0	0	0	0	0	N/A	N/A
1059	0	0	0	0	0	0	N/A	N/A
1060	0	0	0	0	0	0	N/A	N/A
1061	0	0	0	0	0	0	N/A	N/A
1062	0	0	0	0	0	0	N/A	N/A
1063	0	0	0	0	0	0	N/A	N/A
1064	0	0	0	0	0	0	N/A	N/A
1065	0	0	0	0	0	0	N/A	N/A
1066	0	0	0	0	0	0	N/A	N/A
1067	0	0	0	0	0	0	N/A	N/A
1068	0	0	0	0	0	0	N/A	N/A
1069	0	0	0	0	0	0	N/A	N/A
1070	0	0	0	0	0	0	N/A	N/A
1071	0	0	0	0	0	0	N/A	N/A
1072	0	0	0	0	0	0	N/A	N/A
1073	0	0	0	0	0	0	N/A	N/A
1074	0	0	0	0	0	0	N/A	N/A
1075	0	0	0	0	0	0	N/A	N/A
1076	0	0	0	0	0	0	N/A	N/A
1077	0	0	0	0	0	0	N/A	N/A
1078	0	0	0	0	0	0	N/A	N/A
1079	0	0	0	0	0	0	N/A	N/A
1080	0	0	0	0	0	0	N/A	N/A
1081	0	0	0	0	0	0	N/A	N/A
1082	0	0	0	0	0	0	N/A	N/A
1083	0	0	0	0	0	0	N/A	N/A
1084	0	0	0	0	0	0	N/A	N/A
1085	0	0	0	0	0	0	N/A	N/A
1086	0	0	0	0	0	0	N/A	N/A
1087	0	0	0	0	0	0	N/A	N/A
1088	0	0	0	0	0	0	N/A	N/A
1089	1	0	0	1	0	0	0.0	0.9972451790633609
1090	0	0	0	0	0	0	N/A	N/A
1091	0	0	0	0	0	0	N/A	N/A
1092	0	0	0	0	0	0	N/A	N/A
1093	0	0	0	0	0	0	N/A	N/A
1094	0	0	0	0	0	0	N/A	N/A
1095	0	0	0	0	0	0	N/A	N/A
1096	1	0	1	0	0	0	0.0	0.9014598540145985
1097	0	0	0	0	0	0	N/A	N/A
1098	0	0	0	0	0	0	N/A	N/A
1099	0	0	0	0	0	0	N/A	N/A
1100	0	0	0	0	0	0	N/A	N/A
1101	0	0	0	0	0	0	N/A	N/A
1102	0	0	0	0	0	0	N/A	N/A
1103	0	0	0	0	0	0	N/A	N/A
1104	0	0	0	0	0	0	N/A	N/A
1105	0	0	0	0	0	0	N/A	N/A
1106	0	0	0	0	0	0	N/A	N/A
1107	0	0	0	0	0	0	N/A	N/A
1108	0	0	0	0	0	0	N/A	N/A
1109	0	0	0	0	0	0	N/A	N/A
1110	0	0	0	0	0	0	N/A	N/A
1111	0	0	0	0	0	0	N/A	N/A
1112	0	0	0	0	0	0	N/A	N/A
1113	0	0	0	0	0	0	N/A	N/A
1114	0	0	0	0	0	0	N/A	N/A
1115	0	0	0	0	0	0	N/A	N/A
1116	0	0	0	0	0	0	N/A	N/A
1117	0	0	0	0	0	0	N/A	N/A
1118	0	0	0	0	0	0	N/A	N/A
1119	0	0	0	0	0	0	N/A	N/A
1120	0	0	0	0	0	0	N/A	N/A
1121	0	0	0	0	0	0	N/A	N/A
1122	0	0	0	0	0	0	N/A	N/A
1123	0	0	0	0	0	0	N/A	N/A
1124	0	0	0	0	0	0	N/A	N/A
1125	0	0	0	0	0	0	N/A	N/A
1126	0	0	0	0	0	0	N/A	N/A
1127	0	0	0	0	0	0	N/A	N/A
1128	0	0	0	0	0	0	N/A	N/A
1129	0	0	0	0	0	0	N/A	N/A
1130	0	0	0	0	0	0	N/A	N/A
1131	0	0	0	0	0	0	N/A	N/A
1132	0	0	0	0	0	0	N/A	N/A
1133	0	0	0	0	0	0	N/A	N/A
1134	0	0	0	0	0	0	N/A	N/A
1135	0	0	0	0	0	0	N/A	N/A
1136	0	0	0	0	0	0	N/A	N/A
1137	0	0	0	0	0	0	N/A	N/A
1138	0	0	0	0	0	0	N/A	N/A
1139	0	0	0	0	0	0	N/A	N/A
1140	0	0	0	0	0	0	N/A	N/A
1141	0	0	0	0	0	0	N/A	N/A
1142	0	0	0	0	0	0	N/A	N/A
1143	0	0	0	0	0	0	N/A	N/A
1144	0	0	0	0	0	0	N/A	N/A
1145	0	0	0	0	0	0	N/A	N/A
1146	0	0	0	0	0	0	N/A	N/A
1147	0	0	0	0	0	0	N/A	N/A
1148	0	0	0	0	0	0	N/A	N/A
1149	0	0	0	0	0	0	N/A	N/A
1150	0	0	0	0	0	0	N/A	N/A
1151	0	0	0	0	0	0	N/A	N/A
1152	0	0	0	0	0	0	N/A	N/A
1153	0	0	0	0	0	0	N/A	N/A
1154	0	0	0	0	0	0	N/A	N/A
1155	0	0	0	0	0	0	N/A	N/A
1156	0	0	0	0	0	0	N/A	N/A
1157	0	0	0	0	0	0	N/A	N/A
1158	0	0	0	0	0	0	N/A	N/A
1159	0	0	0	0	0	0	N/A	N/A
1160	0	0	0	0	0	0	N/A	N/A
1161	0	0	0	0	0	0	N/A	N/A
1162	0	0	0	0	0	0	N/A	N/A
1163	0	0	0	0	0	0	N/A	N/A
1164	0	0	0	0	0	0	N/A	N/A
1165	0	0	0	0	0	0	N/A	N/A
1166	0	0	0	0	0	0	N/A	N/A
1167	0	0	0	0	0	0	N/A	N/A
1168	0	0	0	0	0	0	N/A	N/A
1169	0	0	0	0	0	0	N/A	N/A
1170	0	0	0	0	0	0	N/A	N/A
1171	0	0	0	0	0	0	N/A	N/A
1172	0	0	0	0	0	0	N/A	N/A
1173	0	0	0	0	0	0	N/A	N/A
1174	0	0	0	0	0	0	N/A	N/A
1175	0	0	0	0	0	0	N/A	N/A
1176	0	0	0	0	0	0	N/A	N/A
1177	0	0	0	0	0	0	N/A	N/A
1178	0	0	0	0	0	0	N/A	N/A
1179	0	0	0	0	0	0	N/A	N/A
1180	0	0	0	0	0	0	N/A	N/A
1181	0	0	0	0	0	0	N/A	N/A
1182	0	0	0	0	0	0	N/A	N/A
1183	0	0	0	0	0	0	N/A	N/A
1184	0	0	0	0	0	0	N/A	N/A
1185	0	0	0	0	0	0	N/A	N/A
1186	0	0	0	0	0	0	N/A	N/A
1187	0	0	0	0	0	0	N/A	N/A
1188	0	0	0	0	0	0	N/A	N/A
1189	0	0	0	0	0	0	N/A	N/A
1190	0	0	0	0	0	0	N/A	N/A
1191	0	0	0	0	0	0	N/A	N/A
1192	0	0	0	0	0	0	N/A	N/A
1193	0	0	0	0	0	0	N/A	N/A
1194	0	0	0	0	0	0	N/A	N/A
1195	0	0	0	0	0	0	N/A	N/A
1196	0	0	0	0	0	0	N/A	N/A
1197	0	0	0	0	0	0	N/A	N/A
1198	0	0	0	0	0	0	N/A	N/A
1199	0	0	0	0	0	0	N/A	N/A
1200	0	0	0	0	0	0	N/A	N/A
1201	0	0	0	0	0	0	N/A	N/A
1202	0	0	0	0	0	0	N/A	N/A
1203	0	0	0	0	0	0	N/A	N/A
1204	0	0	0	0	0	0	N/A	N/A
1205	0	0	0	0	0	0	N/A	N/A
1206	0	0	0	0	0	0	N/A	N/A
1207	0	0	0	0	0	0	N/A	N/A
1208	0	0	0	0	0	0	N/A	N/A
1209	0	0	0	0	0	0	N/A	N/A
1210	0	0	0	0	0	0	N/A	N/A
1211	0	0	0	0	0	0	N/A	N/A
1212	0	0	0	0	0	0	N/A	N/A
1213	0	0	0	0	0	0	N/A	N/A
1214	0	0	0	0	0	0	N/A	N/A
1215	0	0	0	0	0	0	N/A	N/A
1216	0	0	0	0	0	0	N/A	N/A
1217	0	0	0	0	0	0	N/A	N/A
1218	0	0	0	0	0	0	N/A	N/A
1219	0	0	0	0	0	0	N/A	N/A
1220	0	0	0	0	0	0	N/A	N/A
1221	0	0	0	0	0	0	N/A	N/A
1222	0	0	0	0	0	0	N/A	N/A
1223	0	0	0	0	0	0	N/A	N/A
1224	0	0	0	0	0	0	N/A	N/A
1225	0	0	0	0	0	0	N/A	N/A
1226	0	0	0	0	0	0	N/A	N/A
1227	0	0	0	0	0	0	N/A	N/A
1228	0	0	0	0	0	0	N/A	N/A
1229	0	0	0	0	0	0	N/A	N/A
1230	0	0	0	0	0	0	N/A	N/A
1231	0	0	0	0	0	0	N/A	N/A
1232	0	0	0	0	0	0	N/A	N/A
1233	0	0	0	0	0	0	N/A	N/A
1234	0	0	0	0	0	0	N/A	N/A
1235	0	0	0	0	0	0	N/A	N/A
1236	0	0	0	0	0	0	N/A	N/A
1237	0	0	0	0	0	0	N/A	N/A
1238	0	0	0	0	0	0	N/A	N/A
1239	0	0	0	0	0	0	N/A	N/A
1240	0	0	0	0	0	0	N/A	N/A
1241	0	0	0	0	0	0	N/A	N/A
1242	0	0	0	0	0	0	N/A	N/A
1243	0	0	0	0	0	0	N/A	N/A
1244	0	0	0	0	0	0	N/A	N/A
1245	0	0	0	0	0	0	N/A	N/A
1246	0	0	0	0	0	0	N/A	N/A
1247	0	0	0	0	0	0	N/A	N/A
1248	0	0	0	0	0	0	N/A	N/A
1249	0	0	0	0	0	0	N/A	N/A
1250	0	0	0	0	0	0	N/A	N/A
1251	0	0	0	0	0	0	N/A	N/A
1252	0	0	0	0	0	0	N/A	N/A
1253	0	0	0	0	0	0	N/A	N/A
1254	0	0	0	0	0	0	N/A	N/A
1255	0	0	0	0	0	0	N/A	N/A
1256	0	0	0	0	0	0	N/A	N/A
1257	0	0	0	0	0	0	N/A	N/A
1258	0	0	0	0	0	0	N/A	N/A
1259	0	0	0	0	0	0	N/A	N/A
1260	0	0	0	0	0	0	N/A	N/A
1261	0	0	0	0	0	0	N/A	N/A
1262	0	0	0	0	0	0	N/A	N/A
1263	0	0	0	0	0	0	N/A	N/A
1264	0	0	0	0	0	0	N/A	N/A
1265	0	0	0	0	0	0	N/A	N/A
1266	0	0	0	0	0	0	N/A	N/A
1267	0	0	0	0	0	0	N/A	N/A
1268	0	0	0	0	0	0	N/A	N/A
1269	0	0	0	0	0	0	N/A	N/A
1270	0	0	0	0	0	0	N/A	N/A
1271	0	0	0	0	0	0	N/A	N/A
1272	0	0	0	0	0	0	N/A	N/A
1273	0	0	0	0	0	0	N/A	N/A
1274	0	0	0	0	0	0	N/A	N/A
1275	0	0	0	0	0	0	N/A	N/A
1276	0	0	0	0	0	0	N/A	N/A
1277	0	0	0	0	0	0	N/A	N/A
1278	0	0	0	0	0	0	N/A	N/A
1279	0	0	0	0	0	0	N/A	N/A
1280	0	0	0	0	0	0	N/A	N/A
1281	0	0	0	0	0	0	N/A	N/A
1282	0	0	0	0	0	0	N/A	N/A
1283	0	0	0	0	0	0	N/A	N/A
1284	0	0	0	0	0	0	N/A	N/A
1285	0	0	0	0	0	0	N/A	N/A
1286	0	0	0	0	0	0	N/A	N/A
1287	0	0	0	0	0	0	N/A	N/A
1288	0	0	0	0	0	0	N/A	N/A
1289	0	0	0	0	0	0	N/A	N/A
1290	0	0	0	0	0	0	N/A	N/A
1291	0	0	0	0	0	0	N/A	N/A
1292	0	0	0	0	0	0	N/A	N/A
1293	0	0	0	0	0	0	N/A	N/A
1294	0	0	0	0	0	0	N/A	N/A
1295	0	0	0	0	0	0	N/A	N/A
1296	0	0	0	0	0	0	N/A	N/A
1297	0	0	0	0	0	0	N/A	N/A
1298	0	0	0	0	0	0	N/A	N/A
1299	0	0	0	0	0	0	N/A	N/A
1300	0	0	0	0	0	0	N/A	N/A
1301	0	0	0	0	0	0	N/A	N/A
1302	0	0	0	0	0	0	N/A	N/A
1303	0	0	0	0	0	0	N/A	N/A
1304	0	0	0	0	0	0	N/A	N/A
1305	0	0	0	0	0	0	N/A	N/A
1306	0	0	0	0	0	0	N/A	N/A
1307	0	0	0	0	0	0	N/A	N/A
1308	0	0	0	0	0	0	N/A	N/A
1309	0	0	0	0	0	0	N/A	N/A
1310	0	0	0	0	0	0	N/A	N/A
1311	0	0	0	0	0	0	N/A	N/A
1312	0	0	0	0	0	0	N/A	N/A
1313	0	0	0	0	0	0	N/A	N/A
1314	0	0	0	0	0	0	N/A	N/A
1315	0	0	0	0	0	0	N/A	N/A
1316	0	0	0	0	0	0	N/A	N/A
1317	0	0	0	0	0	0	N/A	N/A
1318	0	0	0	0	0	0	N/A	N/A
1319	0	0	0	0	0	0	N/A	N/A
1320	0	0	0	0	0	0	N/A	N/A
1321	0	0	0	0	0	0	N/A	N/A
1322	0	0	0	0	0	0	N/A	N/A
1323	0	0	0	0	0	0	N/A	N/A
1324	0	0	0	0	0	0	N/A	N/A
1325	0	0	0	0	0	0	N/A	N/A
1326	0	0	0	0	0	0	N/A	N/A
1327	0	0	0	0	0	0	N/A	N/A
1328	0	0	0	0	0	0	N/A	N/A
1329	0	0	0	0	0	0	N/A	N/A
1330	0	0	0	0	0	0	N/A	N/A
1331	0	0	0	0	0	0	N/A	N/A
1332	0	0	0	0	0	0	N/A	N/A
1333	0	0	0	0	0	0	N/A	N/A
1334	0	0	0	0	0	0	N/A	N/A
1335	0	0	0	0	0	0	N/A	N/A
1336	0	0	0	0	0	0	N/A	N/A
1337	0	0	0	0	0	0	N/A	N/A
1338	0	0	0	0	0	0	N/A	N/A
1339	0	0	0	0	0	0	N/A	N/A
1340	0	0	0	0	0	0	N/A	N/A
1341	0	0	0	0	0	0	N/A	N/A
1342	0	0	0	0	0	0	N/A	N/A
1343	0	0	0	0	0	0	N/A	N/A
1344	0	0	0	0	0	0	N/A	N/A
1345	0	0	0	0	0	0	N/A	N/A
1346	0	0	0	0	0	0	N/A	N/A
1347	0	0	0	0	0	0	N/A	N/A
1348	0	0	0	0	0	0	N/A	N/A
1349	0	0	0	0	0	0	N/A	N/A
1350	0	0	0	0	0	0	N/A	N/A
1351	0	0	0	0	0	0	N/A	N/A
1352	0	0	0	0	0	0	N/A	N/A
1353	0	0	0	0	0	0	N/A	N/A
1354	0	0	0	0	0	0	N/A	N/A
1355	0	0	0	0	0	0	N/A	N/A
1356	0	0	0	0	0	0	N/A	N/A
1357	0	0	0	0	0	0	N/A	N/A
1358	0	0	0	0	0	0	N/A	N/A
1359	0	0	0	0	0	0	N/A	N/A
1360	0	0	0	0	0	0	N/A	N/A
1361	0	0	0	0	0	0	N/A	N/A
1362	0	0	0	0	0	0	N/A	N/A
1363	0	0	0	0	0	0	N/A	N/A
1364	0	0	0	0	0	0	N/A	N/A
1365	0	0	0	0	0	0	N/A	N/A
1366	0	0	0	0	0	0	N/A	N/A
1367	0	0	0	0	0	0	N/A	N/A
1368	0	0	0	0	0	0	N/A	N/A
1369	0	0	0	0	0	0	N/A	N/A
1370	0	0	0	0	0	0	N/A	N/A
1371	0	0	0	0	0	0	N/A	N/A
1372	0	0	0	0	0	0	N/A	N/A
1373	0	0	0	0	0	0	N/A	N/A
1374	0	0	0	0	0	0	N/A	N/A
1375	0	0	0	0	0	0	N/A	N/A
1376	0	0	0	0	0	0	N/A	N/A
1377	0	0	0	0	0	0	N/A	N/A
1378	0	0	0	0	0	0	N/A	N/A
1379	0	0	0	0	0	0	N/A	N/A
1380	0	0	0	0	0	0	N/A	N/A
1381	0	0	0	0	0	0	N/A	N/A
1382	0	0	0	0	0	0	N/A	N/A
1383	0	0	0	0	0	0	N/A	N/A
1384	0	0	0	0	0	0	N/A	N/A
1385	0	0	0	0	0	0	N/A	N/A
1386	0	0	0	0	0	0	N/A	N/A
1387	0	0	0	0	0	0	N/A	N/A
1388	0	0	0	0	0	0	N/A	N/A
1389	0	0	0	0	0	0	N/A	N/A
1390	0	0	0	0	0	0	N/A	N/A
1391	0	0	0	0	0	0	N/A	N/A
1392	0	0	0	0	0	0	N/A	N/A
1393	0	0	0	0	0	0	N/A	N/A
1394	0	0	0	0	0	0	N/A	N/A
1395	0	0	0	0	0	0	N/A	N/A
1396	0	0	0	0	0	0	N/A	N/A
1397	0	0	0	0	0	0	N/A	N/A
1398	0	0	0	0	0	0	N/A	N/A
1399	0	0	0	0	0	0	N/A	N/A
1400	0	0	0	0	0	0	N/A	N/A
1401	0	0	0	0	0	0	N/A	N/A
1402	0	0	0	0	0	0	N/A	N/A
1403	0	0	0	0	0	0	N/A	N/A
1404	0	0	0	0	0	0	N/A	N/A
1405	0	0	0	0	0	0	N/A	N/A
1406	0	0	0	0	0	0	N/A	N/A
1407	0	0	0	0	0	0	N/A	N/A
1408	0	0	0	0	0	0	N/A	N/A
1409	0	0	0	0	0	0	N/A	N/A
1410	0	0	0	0	0	0	N/A	N/A
1411	0	0	0	0	0	0	N/A	N/A
1412	0	0	0	0	0	0	N/A	N/A
1413	0	0	0	0	0	0	N/A	N/A
1414	0	0	0	0	0	0	N/A	N/A
1415	0	0	0	0	0	0	N/A	N/A
1416	0	0	0	0	0	0	N/A	N/A
1417	0	0	0	0	0	0	N/A	N/A
1418	0	0	0	0	0	0	N/A	N/A
1419	0	0	0	0	0	0	N/A	N/A
1420	0	0	0	0	0	0	N/A	N/A
1421	0	0	0	0	0	0	N/A	N/A
1422	0	0	0	0	0	0	N/A	N/A
1423	0	0	0	0	0	0	N/A	N/A
1424	0	0	0	0	0	0	N/A	N/A
1425	0	0	0	0	0	0	N/A	N/A
1426	0	0	0	0	0	0	N/A	N/A
1427	0	0	0	0	0	0	N/A	N/A
1428	0	0	0	0	0	0	N/A	N/A
1429	0	0	0	0	0	0	N/A	N/A
1430	0	0	0	0	0	0	N/A	N/A
1431	0	0	0	0	0	0	N/A	N/A
1432	0	0	0	0	0	0	N/A	N/A
1433	0	0	0	0	0	0	N/A	N/A
1434	0	0	0	0	0	0	N/A	N/A
1435	0	0	0	0	0	0	N/A	N/A
1436	0	0	0	0	0	0	N/A	N/A
1437	0	0	0	0	0	0	N/A	N/A
1438	0	0	0	0	0	0	N/A	N/A
1439	0	0	0	0	0	0	N/A	N/A
1440	0	0	0	0	0	0	N/A	N/A
1441	0	0	0	0	0	0	N/A	N/A
1442	0	0	0	0	0	0	N/A	N/A
1443	0	0	0	0	0	0	N/A	N/A
1444	0	0	0	0	0	0	N/A	N/A
1445	0	0	0	0	0	0	N/A	N/A
1446	0	0	0	0	0	0	N/A	N/A
1447	0	0	0	0	0	0	N/A	N/A
1448	0	0	0	0	0	0	N/A	N/A
1449	0	0	0	0	0	0	N/A	N/A
1450	0	0	0	0	0	0	N/A	N/A
1451	0	0	0	0	0	0	N/A	N/A
1452	0	0	0	0	0	0	N/A	N/A
1453	0	0	0	0	0	0	N/A	N/A
1454	0	0	0	0	0	0	N/A	N/A
1455	0	0	0	0	0	0	N/A	N/A
1456	0	0	0	0	0	0	N/A	N/A
1457	0	0	0	0	0	0	N/A	N/A
1458	0	0	0	0	0	0	N/A	N/A
1459	0	0	0	0	0	0	N/A	N/A
1460	0	0	0	0	0	0	N/A	N/A
1461	0	0	0	0	0	0	N/A	N/A
1462	0	0	0	0	0	0	N/A	N/A
1463	0	0	0	0	0	0	N/A	N/A
1464	0	0	0	0	0	0	N/A	N/A
1465	0	0	0	0	0	0	N/A	N/A
1466	0	0	0	0	0	0	N/A	N/A
1467	0	0	0	0	0	0	N/A	N/A
1468	0	0	0	0	0	0	N/A	N/A
1469	0	0	0	0	0	0	N/A	N/A
1470	0	0	0	0	0	0	N/A	N/A
1471	0	0	0	0	0	0	N/A	N/A
1472	0	0	0	0	0	0	N/A	N/A
1473	0	0	0	0	0	0	N/A	N/A
1474	0	0	0	0	0	0	N/A	N/A
1475	0	0	0	0	0	0	N/A	N/A
1476	0	0	0	0	0	0	N/A	N/A
1477	0	0	0	0	0	0	N/A	N/A
1478	0	0	0	0	0	0	N/A	N/A
1479	0	0	0	0	0	0	N/A	N/A
1480	0	0	0	0	0	0	N/A	N/A
1481	0	0	0	0	0	0	N/A	N/A
1482	0	0	0	0	0	0	N/A	N/A
1483	0	0	0	0	0	0	N/A	N/A
1484	0	0	0	0	0	0	N/A	N/A
1485	0	0	0	0	0	0	N/A	N/A
1486	0	0	0	0	0	0	N/A	N/A
1487	0	0	0	0	0	0	N/A	N/A
1488	0	0	0	0	0	0	N/A	N/A
1489	0	0	0	0	0	0	N/A	N/A
1490	0	0	0	0	0	0	N/A	N/A
1491	0	0	0	0	0	0	N/A	N/A
1492	0	0	0	0	0	0	N/A	N/A
1493	0	0	0	0	0	0	N/A	N/A
1494	0	0	0	0	0	0	N/A	N/A
1495	0	0	0	0	0	0	N/A	N/A
1496	0	0	0	0	0	0	N/A	N/A
1497	0	0	0	0	0	0	N/A	N/A
1498	0	0	0	0	0	0	N/A	N/A
1499	0	0	0	0	0	0	N/A	N/A
1500	0	0	0	0	0	0	N/A	N/A
1501	0	0	0	0	0	0	N/A	N/A
1502	0	0	0	0	0	0	N/A	N/A
1503	0	0	0	0	0	0	N/A	N/A
1504	0	0	0	0	0	0	N/A	N/A
1505	0	0	0	0	0	0	N/A	N/A
1506	0	0	0	0	0	0	N/A	N/A
1507	0	0	0	0	0	0	N/A	N/A
1508	0	0	0	0	0	0	N/A	N/A
1509	0	0	0	0	0	0	N/A	N/A
1510	0	0	0	0	0	0	N/A	N/A
1511	0	0	0	0	0	0	N/A	N/A
1512	0	0	0	0	0	0	N/A	N/A
1513	0	0	0	0	0	0	N/A	N/A
1514	0	0	0	0	0	0	N/A	N/A
1515	0	0	0	0	0	0	N/A	N/A
1516	0	0	0	0	0	0	N/A	N/A
1517	0	0	0	0	0	0	N/A	N/A
1518	0	0	0	0	0	0	N/A	N/A
1519	0	0	0	0	0	0	N/A	N/A
1520	0	0	0	0	0	0	N/A	N/A
1521	0	0	0	0	0	0	N/A	N/A
1522	0	0	0	0	0	0	N/A	N/A
1523	0	0	0	0	0	0	N/A	N/A
1524	0	0	0	0	0	0	N/A	N/A
1525	0	0	0	0	0	0	N/A	N/A
1526	0	0	0	0	0	0	N/A	N/A
1527	0	0	0	0	0	0	N/A	N/A
1528	0	0	0	0	0	0	N/A	N/A
1529	0	0	0	0	0	0	N/A	N/A
1530	0	0	0	0	0	0	N/A	N/A
1531	0	0	0	0	0	0	N/A	N/A
1532	0	0	0	0	0	0	N/A	N/A
1533	0	0	0	0	0	0	N/A	N/A
1534	0	0	0	0	0	0	N/A	N/A
1535	0	0	0	0	0	0	N/A	N/A
1536	0	0	0	0	0	0	N/A	N/A
1537	0	0	0	0	0	0	N/A	N/A
1538	0	0	0	0	0	0	N/A	N/A
1539	0	0	0	0	0	0	N/A	N/A
1540	0	0	0	0	0	0	N/A	N/A
1541	0	0	0	0	0	0	N/A	N/A
1542	0	0	0	0	0	0	N/A	N/A
1543	0	0	0	0	0	0	N/A	N/A
1544	0	0	0	0	0	0	N/A	N/A
1545	0	0	0	0	0	0	N/A	N/A
1546	0	0	0	0	0	0	N/A	N/A
1547	0	0	0	0	0	0	N/A	N/A
1548	0	0	0	0	0	0	N/A	N/A
1549	0	0	0	0	0	0	N/A	N/A
1550	0	0	0	0	0	0	N/A	N/A
1551	0	0	0	0	0	0	N/A	N/A
1552	0	0	0	0	0	0	N/A	N/A
1553	0	0	0	0	0	0	N/A	N/A
1554	0	0	0	0	0	0	N/A	N/A
1555	0	0	0	0	0	0	N/A	N/A
1556	0	0	0	0	0	0	N/A	N/A
1557	0	0	0	0	0	0	N/A	N/A
1558	0	0	0	0	0	0	N/A	N/A
1559	0	0	0	0	0	0	N/A	N/A
1560	0	0	0	0	0	0	N/A	N/A
1561	0	0	0	0	0	0	N/A	N/A
1562	0	0	0	0	0	0	N/A	N/A
1563	0	0	0	0	0	0	N/A	N/A
1564	0	0	0	0	0	0	N/A	N/A
1565	0	0	0	0	0	0	N/A	N/A
1566	0	0	0	0	0	0	N/A	N/A
1567	0	0	0	0	0	0	N/A	N/A
1568	0	0	0	0	0	0	N/A	N/A
1569	0	0	0	0	0	0	N/A	N/A
1570	0	0	0	0	0	0	N/A	N/A
1571	0	0	0	0	0	0	N/A	N/A
1572	0	0	0	0	0	0	N/A	N/A
1573	0	0	0	0	0	0	N/A	N/A
1574	0	0	0	0	0	0	N/A	N/A
1575	0	0	0	0	0	0	N/A	N/A
1576	0	0	0	0	0	0	N/A	N/A
1577	0	0	0	0	0	0	N/A	N/A
1578	0	0	0	0	0	0	N/A	N/A
1579	0	0	0	0	0	0	N/A	N/A
1580	0	0	0	0	0	0	N/A	N/A
1581	0	0	0	0	0	0	N/A	N/A
1582	0	0	0	0	0	0	N/A	N/A
1583	0	0	0	0	0	0	N/A	N/A
1584	0	0	0	0	0	0	N/A	N/A
1585	0	0	0	0	0	0	N/A	N/A
1586	0	0	0	0	0	0	N/A	N/A
1587	0	0	0	0	0	0	N/A	N/A
1588	0	0	0	0	0	0	N/A	N/A
1589	0	0	0	0	0	0	N/A	N/A
1590	0	0	0	0	0	0	N/A	N/A
1591	0	0	0	0	0	0	N/A	N/A
1592	0	0	0	0	0	0	N/A	N/A
1593	0	0	0	0	0	0	N/A	N/A
1594	0	0	0	0	0	0	N/A	N/A
1595	0	0	0	0	0	0	N/A	N/A
1596	0	0	0	0	0	0	N/A	N/A
1597	0	0	0	0	0	0	N/A	N/A
1598	0	0	0	0	0	0	N/A	N/A
1599	0	0	0	0	0	0	N/A	N/A
1600	0	0	0	0	0	0	N/A	N/A
1601	0	0	0	0	0	0	N/A	N/A
1602	0	0	0	0	0	0	N/A	N/A
1603	0	0	0	0	0	0	N/A	N/A
1604	0	0	0	0	0	0	N/A	N/A
1605	0	0	0	0	0	0	N/A	N/A
1606	0	0	0	0	0	0	N/A	N/A
1607	0	0	0	0	0	0	N/A	N/A
1608	0	0	0	0	0	0	N/A	N/A
1609	0	0	0	0	0	0	N/A	N/A
1610	0	0	0	0	0	0	N/A	N/A
1611	0	0	0	0	0	0	N/A	N/A
1612	0	0	0	0	0	0	N/A	N/A
1613	0	0	0	0	0	0	N/A	N/A
1614	0	0	0	0	0	0	N/A	N/A
1615	0	0	0	0	0	0	N/A	N/A
1616	0	0	0	0	0	0	N/A	N/A
1617	0	0	0	0	0	0	N/A	N/A
1618	0	0	0	0	0	0	N/A	N/A
1619	0	0	0	0	0	0	N/A	N/A
1620	0	0	0	0	0	0	N/A	N/A
1621	0	0	0	0	0	0	N/A	N/A
1622	0	0	0	0	0	0	N/A	N/A
1623	0	0	0	0	0	0	N/A	N/A
1624	0	0	0	0	0	0	N/A	N/A
1625	0	0	0	0	0	0	N/A	N/A
1626	0	0	0	0	0	0	N/A	N/A
1627	0	0	0	0	0	0	N/A	N/A
1628	0	0	0	0	0	0	N/A	N/A
1629	0	0	0	0	0	0	N/A	N/A
1630	0	0	0	0	0	0	N/A	N/A
1631	0	0	0	0	0	0	N/A	N/A
1632	0	0	0	0	0	0	N/A	N/A
1633	0	0	0	0	0	0	N/A	N/A
1634	0	0	0	0	0	0	N/A	N/A
1635	0	0	0	0	0	0	N/A	N/A
1636	0	0	0	0	0	0	N/A	N/A
1637	0	0	0	0	0	0	N/A	N/A
1638	0	0	0	0	0	0	N/A	N/A
1639	0	0	0	0	0	0	N/A	N/A
1640	0	0	0	0	0	0	N/A	N/A
1641	0	0	0	0	0	0	N/A	N/A
1642	0	0	0	0	0	0	N/A	N/A
1643	0	0	0	0	0	0	N/A	N/A
1644	0	0	0	0	0	0	N/A	N/A
1645	0	0	0	0	0	0	N/A	N/A
1646	0	0	0	0	0	0	N/A	N/A
1647	0	0	0	0	0	0	N/A	N/A
1648	0	0	0	0	0	0	N/A	N/A
1649	0	0	0	0	0	0	N/A	N/A
1650	0	0	0	0	0	0	N/A	N/A
1651	0	0	0	0	0	0	N/A	N/A
1652	0	0	0	0	0	0	N/A	N/A
1653	0	0	0	0	0	0	N/A	N/A
1654	0	0	0	0	0	0	N/A	N/A
1655	0	0	0	0	0	0	N/A	N/A
1656	0	0	0	0	0	0	N/A	N/A
1657	0	0	0	0	0	0	N/A	N/A
1658	0	0	0	0	0	0	N/A	N/A
1659	0	0	0	0	0	0	N/A	N/A
1660	0	0	0	0	0	0	N/A	N/A
1661	0	0	0	0	0	0	N/A	N/A
1662	0	0	0	0	0	0	N/A	N/A
1663	0	0	0	0	0	0	N/A	N/A
1664	0	0	0	0	0	0	N/A	N/A
1665	0	0	0	0	0	0	N/A	N/A
1666	0	0	0	0	0	0	N/A	N/A
1667	0	0	0	0	0	0	N/A	N/A
1668	0	0	0	0	0	0	N/A	N/A
1669	0	0	0	0	0	0	N/A	N/A
1670	0	0	0	0	0	0	N/A	N/A
1671	0	0	0	0	0	0	N/A	N/A
1672	0	0	0	0	0	0	N/A	N/A
1673	0	0	0	0	0	0	N/A	N/A
1674	0	0	0	0	0	0	N/A	N/A
1675	0	0	0	0	0	0	N/A	N/A
1676	0	0	0	0	0	0	N/A	N/A
1677	0	0	0	0	0	0	N/A	N/A
1678	0	0	0	0	0	0	N/A	N/A
1679	0	0	0	0	0	0	N/A	N/A
1680	0	0	0	0	0	0	N/A	N/A
1681	0	0	0	0	0	0	N/A	N/A
1682	0	0	0	0	0	0	N/A	N/A
1683	0	0	0	0	0	0	N/A	N/A
1684	0	0	0	0	0	0	N/A	N/A
1685	0	0	0	0	0	0	N/A	N/A
1686	0	0	0	0	0	0	N/A	N/A
1687	0	0	0	0	0	0	N/A	N/A
1688	0	0	0	0	0	0	N/A	N/A
1689	0	0	0	0	0	0	N/A	N/A
1690	0	0	0	0	0	0	N/A	N/A
1691	0	0	0	0	0	0	N/A	N/A
1692	0	0	0	0	0	0	N/A	N/A
1693	0	0	0	0	0	0	N/A	N/A
1694	0	0	0	0	0	0	N/A	N/A
1695	0	0	0	0	0	0	N/A	N/A
1696	0	0	0	0	0	0	N/A	N/A
1697	0	0	0	0	0	0	N/A	N/A
1698	0	0	0	0	0	0	N/A	N/A
1699	0	0	0	0	0	0	N/A	N/A
1700	0	0	0	0	0	0	N/A	N/A
1701	0	0	0	0	0	0	N/A	N/A
1702	0	0	0	0	0	0	N/A	N/A
1703	0	0	0	0	0	0	N/A	N/A
1704	0	0	0	0	0	0	N/A	N/A
1705	0	0	0	0	0	0	N/A	N/A
1706	0	0	0	0	0	0	N/A	N/A
1707	0	0	0	0	0	0	N/A	N/A
1708	0	0	0	0	0	0	N/A	N/A
1709	0	0	0	0	0	0	N/A	N/A
1710	0	0	0	0	0	0	N/A	N/A
1711	0	0	0	0	0	0	N/A	N/A
1712	0	0	0	0	0	0	N/A	N/A
1713	0	0	0	0	0	0	N/A	N/A
1714	0	0	0	0	0	0	N/A	N/A
1715	0	0	0	0	0	0	N/A	N/A
1716	0	0	0	0	0	0	N/A	N/A
1717	0	0	0	0	0	0	N/A	N/A
1718	0	0	0	0	0	0	N/A	N/A
1719	0	0	0	0	0	0	N/A	N/A
1720	0	0	0	0	0	0	N/A	N/A
1721	0	0	0	0	0	0	N/A	N/A
1722	0	0	0	0	0	0	N/A	N/A
1723	0	0	0	0	0	0	N/A	N/A
1724	0	0	0	0	0	0	N/A	N/A
1725	0	0	0	0	0	0	N/A	N/A
1726	0	0	0	0	0	0	N/A	N/A
1727	0	0	0	0	0	0	N/A	N/A
1728	0	0	0	0	0	0	N/A	N/A
1729	0	0	0	0	0	0	N/A	N/A
1730	0	0	0	0	0	0	N/A	N/A
1731	0	0	0	0	0	0	N/A	N/A
1732	0	0	0	0	0	0	N/A	N/A
1733	0	0	0	0	0	0	N/A	N/A
1734	0	0	0	0	0	0	N/A	N/A
1735	0	0	0	0	0	0	N/A	N/A
1736	0	0	0	0	0	0	N/A	N/A
1737	0	0	0	0	0	0	N/A	N/A
1738	0	0	0	0	0	0	N/A	N/A
1739	0	0	0	0	0	0	N/A	N/A
1740	0	0	0	0	0	0	N/A	N/A
1741	0	0	0	0	0	0	N/A	N/A
1742	0	0	0	0	0	0	N/A	N/A
1743	0	0	0	0	0	0	N/A	N/A
1744	0	0	0	0	0	0	N/A	N/A
1745	0	0	0	0	0	0	N/A	N/A
1746	0	0	0	0	0	0	N/A	N/A
1747	0	0	0	0	0	0	N/A	N/A
1748	0	0	0	0	0	0	N/A	N/A
1749	0	0	0	0	0	0	N/A	N/A
1750	0	0	0	0	0	0	N/A	N/A
1751	0	0	0	0	0	0	N/A	N/A
1752	0	0	0	0	0	0	N/A	N/A
1753	0	0	0	0	0	0	N/A	N/A
1754	0	0	0	0	0	0	N/A	N/A
1755	0	0	0	0	0	0	N/A	N/A
1756	0	0	0	0	0	0	N/A	N/A
1757	0	0	0	0	0	0	N/A	N/A
1758	0	0	0	0	0	0	N/A	N/A
1759	0	0	0	0	0	0	N/A	N/A
1760	0	0	0	0	0	0	N/A	N/A
1761	0	0	0	0	0	0	N/A	N/A
1762	0	0	0	0	0	0	N/A	N/A
1763	0	0	0	0	0	0	N/A	N/A
1764	0	0	0	0	0	0	N/A	N/A
1765	0	0	0	0	0	0	N/A	N/A
1766	0	0	0	0	0	0	N/A	N/A
1767	0	0	0	0	0	0	N/A	N/A
1768	0	0	0	0	0	0	N/A	N/A
1769	0	0	0	0	0	0	N/A	N/A
1770	0	0	0	0	0	0	N/A	N/A
1771	0	0	0	0	0	0	N/A	N/A
1772	0	0	0	0	0	0	N/A	N/A
1773	0	0	0	0	0	0	N/A	N/A
1774	0	0	0	0	0	0	N/A	N/A
1775	0	0	0	0	0	0	N/A	N/A
1776	0	0	0	0	0	0	N/A	N/A
1777	0	0	0	0	0	0	N/A	N/A
1778	0	0	0	0	0	0	N/A	N/A
1779	0	0	0	0	0	0	N/A	N/A
1780	0	0	0	0	0	0	N/A	N/A
1781	0	0	0	0	0	0	N/A	N/A
1782	0	0	0	0	0	0	N/A	N/A
1783	0	0	0	0	0	0	N/A	N/A
1784	0	0	0	0	0	0	N/A	N/A
1785	0	0	0	0	0	0	N/A	N/A
1786	0	0	0	0	0	0	N/A	N/A
1787	0	0	0	0	0	0	N/A	N/A
1788	0	0	0	0	0	0	N/A	N/A
1789	0	0	0	0	0	0	N/A	N/A
1790	0	0	0	0	0	0	N/A	N/A
1791	0	0	0	0	0	0	N/A	N/A
1792	0	0	0	0	0	0	N/A	N/A
1793	0	0	0	0	0	0	N/A	N/A
1794	0	0	0	0	0	0	N/A	N/A
1795	0	0	0	0	0	0	N/A	N/A
1796	0	0	0	0	0	0	N/A	N/A
1797	0	0	0	0	0	0	N/A	N/A
1798	0	0	0	0	0	0	N/A	N/A
1799	0	0	0	0	0	0	N/A	N/A
1800	0	0	0	0	0	0	N/A	N/A
1801	0	0	0	0	0	0	N/A	N/A
1802	0	0	0	0	0	0	N/A	N/A
1803	0	0	0	0	0	0	N/A	N/A
1804	0	0	0	0	0	0	N/A	N/A
1805	0	0	0	0	0	0	N/A	N/A
1806	0	0	0	0	0	0	N/A	N/A
1807	0	0	0	0	0	0	N/A	N/A
1808	0	0	0	0	0	0	N/A	N/A
1809	0	0	0	0	0	0	N/A	N/A
1810	0	0	0	0	0	0	N/A	N/A
1811	0	0	0	0	0	0	N/A	N/A
1812	0	0	0	0	0	0	N/A	N/A
1813	0	0	0	0	0	0	N/A	N/A
1814	0	0	0	0	0	0	N/A	N/A
1815	0	0	0	0	0	0	N/A	N/A
1816	0	0	0	0	0	0	N/A	N/A
1817	0	0	0	0	0	0	N/A	N/A
1818	0	0	0	0	0	0	N/A	N/A
1819	0	0	0	0	0	0	N/A	N/A
1820	0	0	0	0	0	0	N/A	N/A
1821	0	0	0	0	0	0	N/A	N/A
1822	0	0	0	0	0	0	N/A	N/A
1823	0	0	0	0	0	0	N/A	N/A
1824	0	0	0	0	0	0	N/A	N/A
1825	0	0	0	0	0	0	N/A	N/A
1826	0	0	0	0	0	0	N/A	N/A
1827	0	0	0	0	0	0	N/A	N/A
1828	0	0	0	0	0	0	N/A	N/A
1829	0	0	0	0	0	0	N/A	N/A
1830	0	0	0	0	0	0	N/A	N/A
1831	0	0	0	0	0	0	N/A	N/A
1832	0	0	0	0	0	0	N/A	N/A
1833	0	0	0	0	0	0	N/A	N/A
1834	0	0	0	0	0	0	N/A	N/A
1835	0	0	0	0	0	0	N/A	N/A
1836	0	0	0	0	0	0	N/A	N/A
1837	0	0	0	0	0	0	N/A	N/A
1838	0	0	0	0	0	0	N/A	N/A
1839	0	0	0	0	0	0	N/A	N/A
1840	0	0	0	0	0	0	N/A	N/A
1841	0	0	0	0	0	0	N/A	N/A
1842	0	0	0	0	0	0	N/A	N/A
1843	0	0	0	0	0	0	N/A	N/A
1844	0	0	0	0	0	0	N/A	N/A
1845	0	0	0	0	0	0	N/A	N/A
1846	0	0	0	0	0	0	N/A	N/A
1847	0	0	0	0	0	0	N/A	N/A
1848	0	0	0	0	0	0	N/A	N/A
1849	0	0	0	0	0	0	N/A	N/A
1850	0	0	0	0	0	0	N/A	N/A
1851	0	0	0	0	0	0	N/A	N/A
1852	0	0	0	0	0	0	N/A	N/A
1853	0	0	0	0	0	0	N/A	N/A
1854	0	0	0	0	0	0	N/A	N/A
1855	0	0	0	0	0	0	N/A	N/A
1856	0	0	0	0	0	0	N/A	N/A
1857	0	0	0	0	0	0	N/A	N/A
1858	0	0	0	0	0	0	N/A	N/A
1859	0	0	0	0	0	0	N/A	N/A
1860	0	0	0	0	0	0	N/A	N/A
1861	0	0	0	0	0	0	N/A	N/A
1862	0	0	0	0	0	0	N/A	N/A
1863	0	0	0	0	0	0	N/A	N/A
1864	0	0	0	0	0	0	N/A	N/A
1865	0	0	0	0	0	0	N/A	N/A
1866	0	0	0	0	0	0	N/A	N/A
1867	0	0	0	0	0	0	N/A	N/A
1868	0	0	0	0	0	0	N/A	N/A
1869	0	0	0	0	0	0	N/A	N/A
1870	0	0	0	0	0	0	N/A	N/A
1871	0	0	0	0	0	0	N/A	N/A
1872	0	0	0	0	0	0	N/A	N/A
1873	0	0	0	0	0	0	N/A	N/A
1874	0	0	0	0	0	0	N/A	N/A
1875	0	0	0	0	0	0	N/A	N/A
1876	0	0	0	0	0	0	N/A	N/A
1877	0	0	0	0	0	0	N/A	N/A
1878	0	0	0	0	0	0	N/A	N/A
1879	0	0	0	0	0	0	N/A	N/A
1880	0	0	0	0	0	0	N/A	N/A
1881	0	0	0	0	0	0	N/A	N/A
1882	0	0	0	0	0	0	N/A	N/A
1883	0	0	0	0	0	0	N/A	N/A
1884	0	0	0	0	0	0	N/A	N/A
1885	0	0	0	0	0	0	N/A	N/A
1886	0	0	0	0	0	0	N/A	N/A
1887	0	0	0	0	0	0	N/A	N/A
1888	0	0	0	0	0	0	N/A	N/A
1889	0	0	0	0	0	0	N/A	N/A
1890	0	0	0	0	0	0	N/A	N/A
1891	0	0	0	0	0	0	N/A	N/A
1892	0	0	0	0	0	0	N/A	N/A
1893	0	0	0	0	0	0	N/A	N/A
1894	0	0	0	0	0	0	N/A	N/A
1895	0	0	0	0	0	0	N/A	N/A
1896	0	0	0	0	0	0	N/A	N/A
1897	0	0	0	0	0	0	N/A	N/A
1898	0	0	0	0	0	0	N/A	N/A
1899	0	0	0	0	0	0	N/A	N/A
1900	0	0	0	0	0	0	N/A	N/A
1901	0	0	0	0	0	0	N/A	N/A
1902	0	0	0	0	0	0	N/A	N/A
1903	0	0	0	0	0	0	N/A	N/A
1904	0	0	0	0	0	0	N/A	N/A
1905	0	0	0	0	0	0	N/A	N/A
1906	0	0	0	0	0	0	N/A	N/A
1907	0	0	0	0	0	0	N/A	N/A
1908	0	0	0	0	0	0	N/A	N/A
1909	0	0	0	0	0	0	N/A	N/A
1910	0	0	0	0	0	0	N/A	N/A
1911	0	0	0	0	0	0	N/A	N/A
1912	0	0	0	0	0	0	N/A	N/A
1913	0	0	0	0	0	0	N/A	N/A
1914	0	0	0	0	0	0	N/A	N/A
1915	0	0	0	0	0	0	N/A	N/A
1916	0	0	0	0	0	0	N/A	N/A
1917	0	0	0	0	0	0	N/A	N/A
1918	0	0	0	0	0	0	N/A	N/A
1919	0	0	0	0	0	0	N/A	N/A
1920	0	0	0	0	0	0	N/A	N/A
1921	0	0	0	0	0	0	N/A	N/A
1922	0	0	0	0	0	0	N/A	N/A
1923	0	0	0	0	0	0	N/A	N/A
1924	0	0	0	0	0	0	N/A	N/A
1925	0	0	0	0	0	0	N/A	N/A
1926	0	0	0	0	0	0	N/A	N/A
1927	0	0	0	0	0	0	N/A	N/A
1928	0	0	0	0	0	0	N/A	N/A
1929	0	0	0	0	0	0	N/A	N/A
1930	0	0	0	0	0	0	N/A	N/A
1931	0	0	0	0	0	0	N/A	N/A
1932	0	0	0	0	0	0	N/A	N/A
1933	0	0	0	0	0	0	N/A	N/A
1934	0	0	0	0	0	0	N/A	N/A
1935	0	0	0	0	0	0	N/A	N/A
1936	0	0	0	0	0	0	N/A	N/A
1937	0	0	0	0	0	0	N/A	N/A
1938	0	0	0	0	0	0	N/A	N/A
1939	0	0	0	0	0	0	N/A	N/A
1940	0	0	0	0	0	0	N/A	N/A
1941	0	0	0	0	0	0	N/A	N/A
1942	0	0	0	0	0	0	N/A	N/A
1943	0	0	0	0	0	0	N/A	N/A
1944	0	0	0	0	0	0	N/A	N/A
1945	0	0	0	0	0	0	N/A	N/A
1946	0	0	0	0	0	0	N/A	N/A
1947	0	0	0	0	0	0	N/A	N/A
1948	0	0	0	0	0	0	N/A	N/A
1949	0	0	0	0	0	0	N/A	N/A
1950	0	0	0	0	0	0	N/A	N/A
1951	0	0	0	0	0	0	N/A	N/A
1952	0	0	0	0	0	0	N/A	N/A
1953	0	0	0	0	0	0	N/A	N/A
1954	0	0	0	0	0	0	N/A	N/A
1955	0	0	0	0	0	0	N/A	N/A
1956	0	0	0	0	0	0	N/A	N/A
1957	0	0	0	0	0	0	N/A	N/A
1958	0	0	0	0	0	0	N/A	N/A
1959	0	0	0	0	0	0	N/A	N/A
1960	0	0	0	0	0	0	N/A	N/A
1961	0	0	0	0	0	0	N/A	N/A
1962	0	0	0	0	0	0	N/A	N/A
1963	0	0	0	0	0	0	N/A	N/A
1964	0	0	0	0	0	0	N/A	N/A
1965	0	0	0	0	0	0	N/A	N/A
1966	0	0	0	0	0	0	N/A	N/A
1967	0	0	0	0	0	0	N/A	N/A
1968	0	0	0	0	0	0	N/A	N/A
1969	0	0	0	0	0	0	N/A	N/A
1970	0	0	0	0	0	0	N/A	N/A
1971	0	0	0	0	0	0	N/A	N/A
1972	0	0	0	0	0	0	N/A	N/A
1973	0	0	0	0	0	0	N/A	N/A
1974	0	0	0	0	0	0	N/A	N/A
1975	0	0	0	0	0	0	N/A	N/A
1976	0	0	0	0	0	0	N/A	N/A
1977	0	0	0	0	0	0	N/A	N/A
1978	0	0	0	0	0	0	N/A	N/A
1979	0	0	0	0	0	0	N/A	N/A
1980	0	0	0	0	0	0	N/A	N/A
1981	0	0	0	0	0	0	N/A	N/A
1982	0	0	0	0	0	0	N/A	N/A
1983	0	0	0	0	0	0	N/A	N/A
1984	0	0	0	0	0	0	N/A	N/A
1985	0	0	0	0	0	0	N/A	N/A
1986	0	0	0	0	0	0	N/A	N/A
1987	0	0	0	0	0	0	N/A	N/A
1988	0	0	0	0	0	0	N/A	N/A
1989	0	0	0	0	0	0	N/A	N/A
1990	0	0	0	0	0	0	N/A	N/A
1991	0	0	0	0	0	0	N/A	N/A
1992	0	0	0	0	0	0	N/A	N/A
1993	0	0	0	0	0	0	N/A	N/A
1994	0	0	0	0	0	0	N/A	N/A
1995	0	0	0	0	0	0	N/A	N/A
1996	0	0	0	0	0	0	N/A	N/A
1997	0	0	0	0	0	0	N/A	N/A
1998	0	0	0	0	0	0	N/A	N/A
1999	0	0	0	0	0	0	N/A	N/A
2000	0	0	0	0	0	0	N/A	N/A
2001	0	0	0	0	0	0	N/A	N/A
2002	0	0	0	0	0	0	N/A	N/A
2003	0	0	0	0	0	0	N/A	N/A
2004	0	0	0	0	0	0	N/A	N/A
2005	0	0	0	0	0	0	N/A	N/A
2006	0	0	0	0	0	0	N/A	N/A
2007	0	0	0	0	0	0	N/A	N/A
2008	0	0	0	0	0	0	N/A	N/A
2009	0	0	0	0	0	0	N/A	N/A
2010	0	0	0	0	0	0	N/A	N/A
2011	0	0	0	0	0	0	N/A	N/A
2012	0	0	0	0	0	0	N/A	N/A
2013	0	0	0	0	0	0	N/A	N/A
2014	0	0	0	0	0	0	N/A	N/A
2015	0	0	0	0	0	0	N/A	N/A
2016	0	0	0	0	0	0	N/A	N/A
2017	0	0	0	0	0	0	N/A	N/A
2018	0	0	0	0	0	0	N/A	N/A
2019	0	0	0	0	0	0	N/A	N/A
2020	0	0	0	0	0	0	N/A	N/A
2021	0	0	0	0	0	0	N/A	N/A
2022	0	0	0	0	0	0	N/A	N/A
2023	0	0	0	0	0	0	N/A	N/A
2024	0	0	0	0	0	0	N/A	N/A
2025	0	0	0	0	0	0	N/A	N/A
2026	0	0	0	0	0	0	N/A	N/A
2027	0	0	0	0	0	0	N/A	N/A
2028	0	0	0	0	0	0	N/A	N/A
2029	0	0	0	0	0	0	N/A	N/A
2030	0	0	0	0	0	0	N/A	N/A
2031	0	0	0	0	0	0	N/A	N/A
2032	0	0	0	0	0	0	N/A	N/A
2033	0	0	0	0	0	0	N/A	N/A
2034	0	0	0	0	0	0	N/A	N/A
2035	0	0	0	0	0	0	N/A	N/A
2036	0	0	0	0	0	0	N/A	N/A
2037	0	0	0	0	0	0	N/A	N/A
2038	0	0	0	0	0	0	N/A	N/A
2039	0	0	0	0	0	0	N/A	N/A
2040	0	0	0	0	0	0	N/A	N/A
2041	0	0	0	0	0	0	N/A	N/A
2042	0	0	0	0	0	0	N/A	N/A
2043	0	0	0	0	0	0	N/A	N/A
2044	0	0	0	0	0	0	N/A	N/A
2045	0	0	0	0	0	0	N/A	N/A
2046	0	0	0	0	0	0	N/A	N/A
2047	0	0	0	0	0	0	N/A	N/A
2048	0	0	0	0	0	0	N/A	N/A
2049	0	0	0	0	0	0	N/A	N/A
2050	0	0	0	0	0	0	N/A	N/A
2051	0	0	0	0	0	0	N/A	N/A
2052	0	0	0	0	0	0	N/A	N/A
2053	0	0	0	0	0	0	N/A	N/A
2054	0	0	0	0	0	0	N/A	N/A
2055	0	0	0	0	0	0	N/A	N/A
2056	0	0	0	0	0	0	N/A	N/A
2057	0	0	0	0	0	0	N/A	N/A
2058	0	0	0	0	0	0	N/A	N/A
2059	0	0	0	0	0	0	N/A	N/A
2060	0	0	0	0	0	0	N/A	N/A
2061	0	0	0	0	0	0	N/A	N/A
2062	0	0	0	0	0	0	N/A	N/A
2063	0	0	0	0	0	0	N/A	N/A
2064	0	0	0	0	0	0	N/A	N/A
2065	0	0	0	0	0	0	N/A	N/A
2066	0	0	0	0	0	0	N/A	N/A
2067	0	0	0	0	0	0	N/A	N/A
2068	0	0	0	0	0	0	N/A	N/A
2069	0	0	0	0	0	0	N/A	N/A
2070	0	0	0	0	0	0	N/A	N/A
2071	0	0	0	0	0	0	N/A	N/A
2072	0	0	0	0	0	0	N/A	N/A
2073	0	0	0	0	0	0	N/A	N/A
2074	0	0	0	0	0	0	N/A	N/A
2075	0	0	0	0	0	0	N/A	N/A
2076	0	0	0	0	0	0	N/A	N/A
2077	0	0	0	0	0	0	N/A	N/A
2078	0	0	0	0	0	0	N/A	N/A
2079	0	0	0	0	0	0	N/A	N/A
2080	0	0	0	0	0	0	N/A	N/A
2081	0	0	0	0	0	0	N/A	N/A
2082	0	0	0	0	0	0	N/A	N/A
2083	0	0	0	0	0	0	N/A	N/A
2084	0	0	0	0	0	0	N/A	N/A
2085	0	0	0	0	0	0	N/A	N/A
2086	0	0	0	0	0	0	N/A	N/A
2087	0	0	0	0	0	0	N/A	N/A
2088	0	0	0	0	0	0	N/A	N/A
2089	0	0	0	0	0	0	N/A	N/A
2090	0	0	0	0	0	0	N/A	N/A
2091	0	0	0	0	0	0	N/A	N/A
2092	0	0	0	0	0	0	N/A	N/A
2093	0	0	0	0	0	0	N/A	N/A
2094	0	0	0	0	0	0	N/A	N/A
2095	0	0	0	0	0	0	N/A	N/A
2096	0	0	0	0	0	0	N/A	N/A
2097	0	0	0	0	0	0	N/A	N/A
2098	0	0	0	0	0	0	N/A	N/A
2099	0	0	0	0	0	0	N/A	N/A
2100	0	0	0	0	0	0	N/A	N/A
2101	0	0	0	0	0	0	N/A	N/A
2102	0	0	0	0	0	0	N/A	N/A
2103	0	0	0	0	0	0	N/A	N/A
2104	0	0	0	0	0	0	N/A	N/A
2105	0	0	0	0	0	0	N/A	N/A
2106	0	0	0	0	0	0	N/A	N/A
2107	0	0	0	0	0	0	N/A	N/A
2108	0	0	0	0	0	0	N/A	N/A
2109	0	0	0	0	0	0	N/A	N/A
2110	0	0	0	0	0	0	N/A	N/A
2111	0	0	0	0	0	0	N/A	N/A
2112	0	0	0	0	0	0	N/A	N/A
2113	0	0	0	0	0	0	N/A	N/A
2114	0	0	0	0	0	0	N/A	N/A
2115	0	0	0	0	0	0	N/A	N/A
2116	0	0	0	0	0	0	N/A	N/A
2117	0	0	0	0	0	0	N/A	N/A
2118	0	0	0	0	0	0	N/A	N/A
2119	0	0	0	0	0	0	N/A	N/A
2120	0	0	0	0	0	0	N/A	N/A
2121	0	0	0	0	0	0	N/A	N/A
2122	0	0	0	0	0	0	N/A	N/A
2123	0	0	0	0	0	0	N/A	N/A
2124	0	0	0	0	0	0	N/A	N/A
2125	0	0	0	0	0	0	N/A	N/A
2126	0	0	0	0	0	0	N/A	N/A
2127	0	0	0	0	0	0	N/A	N/A
2128	0	0	0	0	0	0	N/A	N/A
2129	0	0	0	0	0	0	N/A	N/A
2130	0	0	0	0	0	0	N/A	N/A
2131	0	0	0	0	0	0	N/A	N/A
2132	0	0	0	0	0	0	N/A	N/A
2133	0	0	0	0	0	0	N/A	N/A
2134	0	0	0	0	0	0	N/A	N/A
2135	0	0	0	0	0	0	N/A	N/A
2136	0	0	0	0	0	0	N/A	N/A
2137	0	0	0	0	0	0	N/A	N/A
2138	0	0	0	0	0	0	N/A	N/A
2139	0	0	0	0	0	0	N/A	N/A
2140	0	0	0	0	0	0	N/A	N/A
2141	0	0	0	0	0	0	N/A	N/A
2142	0	0	0	0	0	0	N/A	N/A
2143	0	0	0	0	0	0	N/A	N/A
2144	0	0	0	0	0	0	N/A	N/A
2145	0	0	0	0	0	0	N/A	N/A
2146	0	0	0	0	0	0	N/A	N/A
2147	0	0	0	0	0	0	N/A	N/A
2148	0	0	0	0	0	0	N/A	N/A
2149	0	0	0	0	0	0	N/A	N/A
2150	0	0	0	0	0	0	N/A	N/A
2151	0	0	0	0	0	0	N/A	N/A
2152	0	0	0	0	0	0	N/A	N/A
2153	0	0	0	0	0	0	N/A	N/A
2154	0	0	0	0	0	0	N/A	N/A
2155	0	0	0	0	0	0	N/A	N/A
2156	0	0	0	0	0	0	N/A	N/A
2157	0	0	0	0	0	0	N/A	N/A
2158	0	0	0	0	0	0	N/A	N/A
2159	0	0	0	0	0	0	N/A	N/A
2160	0	0	0	0	0	0	N/A	N/A
2161	0	0	0	0	0	0	N/A	N/A
2162	0	0	0	0	0	0	N/A	N/A
2163	0	0	0	0	0	0	N/A	N/A
2164	0	0	0	0	0	0	N/A	N/A
2165	0	0	0	0	0	0	N/A	N/A
2166	0	0	0	0	0	0	N/A	N/A
2167	0	0	0	0	0	0	N/A	N/A
2168	0	0	0	0	0	0	N/A	N/A
2169	0	0	0	0	0	0	N/A	N/A
2170	0	0	0	0	0	0	N/A	N/A
2171	0	0	0	0	0	0	N/A	N/A
2172	0	0	0	0	0	0	N/A	N/A
2173	0	0	0	0	0	0	N/A	N/A
2174	0	0	0	0	0	0	N/A	N/A
2175	0	0	0	0	0	0	N/A	N/A
2176	0	0	0	0	0	0	N/A	N/A
2177	0	0	0	0	0	0	N/A	N/A
2178	0	0	0	0	0	0	N/A	N/A
2179	0	0	0	0	0	0	N/A	N/A
2180	0	0	0	0	0	0	N/A	N/A
2181	0	0	0	0	0	0	N/A	N/A
2182	0	0	0	0	0	0	N/A	N/A
2183	0	0	0	0	0	0	N/A	N/A
2184	0	0	0	0	0	0	N/A	N/A
2185	0	0	0	0	0	0	N/A	N/A
2186	0	0	0	0	0	0	N/A	N/A
2187	0	0	0	0	0	0	N/A	N/A
2188	0	0	0	0	0	0	N/A	N/A
2189	0	0	0	0	0	0	N/A	N/A
2190	0	0	0	0	0	0	N/A	N/A
2191	0	0	0	0	0	0	N/A	N/A
2192	0	0	0	0	0	0	N/A	N/A
2193	0	0	0	0	0	0	N/A	N/A
2194	0	0	0	0	0	0	N/A	N/A
2195	0	0	0	0	0	0	N/A	N/A
2196	0	0	0	0	0	0	N/A	N/A
2197	0	0	0	0	0	0	N/A	N/A
2198	0	0	0	0	0	0	N/A	N/A
2199	0	0	0	0	0	0	N/A	N/A
2200	0	0	0	0	0	0	N/A	N/A
2201	0	0	0	0	0	0	N/A	N/A
2202	0	0	0	0	0	0	N/A	N/A
2203	0	0	0	0	0	0	N/A	N/A
2204	0	0	0	0	0	0	N/A	N/A
2205	0	0	0	0	0	0	N/A	N/A
2206	0	0	0	0	0	0	N/A	N/A
2207	0	0	0	0	0	0	N/A	N/A
2208	0	0	0	0	0	0	N/A	N/A
2209	0	0	0	0	0	0	N/A	N/A
2210	0	0	0	0	0	0	N/A	N/A
2211	0	0	0	0	0	0	N/A	N/A
2212	0	0	0	0	0	0	N/A	N/A
2213	0	0	0	0	0	0	N/A	N/A
2214	0	0	0	0	0	0	N/A	N/A
2215	0	0	0	0	0	0	N/A	N/A
2216	0	0	0	0	0	0	N/A	N/A
2217	0	0	0	0	0	0	N/A	N/A
2218	0	0	0	0	0	0	N/A	N/A
2219	0	0	0	0	0	0	N/A	N/A
2220	0	0	0	0	0	0	N/A	N/A
2221	0	0	0	0	0	0	N/A	N/A
2222	0	0	0	0	0	0	N/A	N/A
2223	0	0	0	0	0	0	N/A	N/A
2224	0	0	0	0	0	0	N/A	N/A
2225	0	0	0	0	0	0	N/A	N/A
2226	0	0	0	0	0	0	N/A	N/A
2227	0	0	0	0	0	0	N/A	N/A
2228	0	0	0	0	0	0	N/A	N/A
2229	0	0	0	0	0	0	N/A	N/A
2230	0	0	0	0	0	0	N/A	N/A
2231	0	0	0	0	0	0	N/A	N/A
2232	0	0	0	0	0	0	N/A	N/A
2233	0	0	0	0	0	0	N/A	N/A
2234	0	0	0	0	0	0	N/A	N/A
2235	0	0	0	0	0	0	N/A	N/A
2236	0	0	0	0	0	0	N/A	N/A
2237	0	0	0	0	0	0	N/A	N/A
2238	0	0	0	0	0	0	N/A	N/A
2239	0	0	0	0	0	0	N/A	N/A
2240	0	0	0	0	0	0	N/A	N/A
2241	0	0	0	0	0	0	N/A	N/A
2242	0	0	0	0	0	0	N/A	N/A
2243	0	0	0	0	0	0	N/A	N/A
2244	0	0	0	0	0	0	N/A	N/A
2245	0	0	0	0	0	0	N/A	N/A
2246	0	0	0	0	0	0	N/A	N/A
2247	0	0	0	0	0	0	N/A	N/A
2248	0	0	0	0	0	0	N/A	N/A
2249	0	0	0	0	0	0	N/A	N/A
2250	0	0	0	0	0	0	N/A	N/A
2251	0	0	0	0	0	0	N/A	N/A
2252	0	0	0	0	0	0	N/A	N/A
2253	0	0	0	0	0	0	N/A	N/A
2254	0	0	0	0	0	0	N/A	N/A
2255	0	0	0	0	0	0	N/A	N/A
2256	0	0	0	0	0	0	N/A	N/A
2257	0	0	0	0	0	0	N/A	N/A
2258	0	0	0	0	0	0	N/A	N/A
2259	0	0	0	0	0	0	N/A	N/A
2260	0	0	0	0	0	0	N/A	N/A
2261	0	0	0	0	0	0	N/A	N/A
2262	0	0	0	0	0	0	N/A	N/A
2263	0	0	0	0	0	0	N/A	N/A
2264	0	0	0	0	0	0	N/A	N/A
2265	0	0	0	0	0	0	N/A	N/A
2266	0	0	0	0	0	0	N/A	N/A
2267	0	0	0	0	0	0	N/A	N/A
2268	0	0	0	0	0	0	N/A	N/A
2269	0	0	0	0	0	0	N/A	N/A
2270	0	0	0	0	0	0	N/A	N/A
2271	0	0	0	0	0	0	N/A	N/A
2272	0	0	0	0	0	0	N/A	N/A
2273	0	0	0	0	0	0	N/A	N/A
2274	0	0	0	0	0	0	N/A	N/A
2275	0	0	0	0	0	0	N/A	N/A
2276	0	0	0	0	0	0	N/A	N/A
2277	0	0	0	0	0	0	N/A	N/A
2278	0	0	0	0	0	0	N/A	N/A
2279	0	0	0	0	0	0	N/A	N/A
2280	0	0	0	0	0	0	N/A	N/A
2281	0	0	0	0	0	0	N/A	N/A
2282	0	0	0	0	0	0	N/A	N/A
2283	0	0	0	0	0	0	N/A	N/A
2284	0	0	0	0	0	0	N/A	N/A
2285	0	0	0	0	0	0	N/A	N/A
2286	0	0	0	0	0	0	N/A	N/A
2287	0	0	0	0	0	0	N/A	N/A
2288	0	0	0	0	0	0	N/A	N/A
2289	0	0	0	0	0	0	N/A	N/A
2290	0	0	0	0	0	0	N/A	N/A
2291	0	0	0	0	0	0	N/A	N/A
2292	0	0	0	0	0	0	N/A	N/A
2293	0	0	0	0	0	0	N/A	N/A
2294	0	0	0	0	0	0	N/A	N/A
2295	0	0	0	0	0	0	N/A	N/A
2296	0	0	0	0	0	0	N/A	N/A
2297	0	0	0	0	0	0	N/A	N/A
2298	0	0	0	0	0	0	N/A	N/A
2299	0	0	0	0	0	0	N/A	N/A
2300	0	0	0	0	0	0	N/A	N/A
2301	0	0	0	0	0	0	N/A	N/A
2302	0	0	0	0	0	0	N/A	N/A
2303	0	0	0	0	0	0	N/A	N/A
2304	0	0	0	0	0	0	N/A	N/A
2305	0	0	0	0	0	0	N/A	N/A
2306	0	0	0	0	0	0	N/A	N/A
2307	0	0	0	0	0	0	N/A	N/A
2308	0	0	0	0	0	0	N/A	N/A
2309	0	0	0	0	0	0	N/A	N/A
2310	0	0	0	0	0	0	N/A	N/A
2311	0	0	0	0	0	0	N/A	N/A
2312	0	0	0	0	0	0	N/A	N/A
2313	0	0	0	0	0	0	N/A	N/A
2314	0	0	0	0	0	0	N/A	N/A
2315	0	0	0	0	0	0	N/A	N/A
2316	0	0	0	0	0	0	N/A	N/A
2317	0	0	0	0	0	0	N/A	N/A
2318	0	0	0	0	0	0	N/A	N/A
2319	0	0	0	0	0	0	N/A	N/A
2320	0	0	0	0	0	0	N/A	N/A
2321	0	0	0	0	0	0	N/A	N/A
2322	0	0	0	0	0	0	N/A	N/A
2323	0	0	0	0	0	0	N/A	N/A
2324	0	0	0	0	0	0	N/A	N/A
2325	0	0	0	0	0	0	N/A	N/A
2326	0	0	0	0	0	0	N/A	N/A
2327	0	0	0	0	0	0	N/A	N/A
2328	0	0	0	0	0	0	N/A	N/A
2329	0	0	0	0	0	0	N/A	N/A
2330	0	0	0	0	0	0	N/A	N/A
2331	0	0	0	0	0	0	N/A	N/A
2332	0	0	0	0	0	0	N/A	N/A
2333	0	0	0	0	0	0	N/A	N/A
2334	0	0	0	0	0	0	N/A	N/A
2335	0	0	0	0	0	0	N/A	N/A
2336	0	0	0	0	0	0	N/A	N/A
2337	0	0	0	0	0	0	N/A	N/A
2338	0	0	0	0	0	0	N/A	N/A
2339	0	0	0	0	0	0	N/A	N/A
2340	0	0	0	0	0	0	N/A	N/A
2341	0	0	0	0	0	0	N/A	N/A
2342	0	0	0	0	0	0	N/A	N/A
2343	0	0	0	0	0	0	N/A	N/A
2344	0	0	0	0	0	0	N/A	N/A
2345	0	0	0	0	0	0	N/A	N/A
2346	0	0	0	0	0	0	N/A	N/A
2347	0	0	0	0	0	0	N/A	N/A
2348	0	0	0	0	0	0	N/A	N/A
2349	0	0	0	0	0	0	N/A	N/A
2350	0	0	0	0	0	0	N/A	N/A
2351	0	0	0	0	0	0	N/A	N/A
2352	0	0	0	0	0	0	N/A	N/A
2353	0	0	0	0	0	0	N/A	N/A
2354	0	0	0	0	0	0	N/A	N/A
2355	0	0	0	0	0	0	N/A	N/A
2356	0	0	0	0	0	0	N/A	N/A
2357	0	0	0	0	0	0	N/A	N/A
2358	0	0	0	0	0	0	N/A	N/A
2359	0	0	0	0	0	0	N/A	N/A
2360	0	0	0	0	0	0	N/A	N/A
2361	0	0	0	0	0	0	N/A	N/A
2362	0	0	0	0	0	0	N/A	N/A
2363	0	0	0	0	0	0	N/A	N/A
2364	0	0	0	0	0	0	N/A	N/A
2365	0	0	0	0	0	0	N/A	N/A
2366	0	0	0	0	0	0	N/A	N/A
2367	0	0	0	0	0	0	N/A	N/A
2368	0	0	0	0	0	0	N/A	N/A
2369	0	0	0	0	0	0	N/A	N/A
2370	0	0	0	0	0	0	N/A	N/A
2371	0	0	0	0	0	0	N/A	N/A
2372	0	0	0	0	0	0	N/A	N/A
2373	0	0	0	0	0	0	N/A	N/A
2374	0	0	0	0	0	0	N/A	N/A
2375	0	0	0	0	0	0	N/A	N/A
2376	0	0	0	0	0	0	N/A	N/A
2377	0	0	0	0	0	0	N/A	N/A
2378	0	0	0	0	0	0	N/A	N/A
2379	0	0	0	0	0	0	N/A	N/A
2380	0	0	0	0	0	0	N/A	N/A
2381	0	0	0	0	0	0	N/A	N/A
2382	0	0	0	0	0	0	N/A	N/A
2383	0	0	0	0	0	0	N/A	N/A
2384	0	0	0	0	0	0	N/A	N/A
2385	0	0	0	0	0	0	N/A	N/A
2386	0	0	0	0	0	0	N/A	N/A
2387	0	0	0	0	0	0	N/A	N/A
2388	0	0	0	0	0	0	N/A	N/A
2389	0	0	0	0	0	0	N/A	N/A
2390	0	0	0	0	0	0	N/A	N/A
2391	0	0	0	0	0	0	N/A	N/A
2392	0	0	0	0	0	0	N/A	N/A
2393	0	0	0	0	0	0	N/A	N/A
2394	0	0	0	0	0	0	N/A	N/A
2395	0	0	0	0	0	0	N/A	N/A
2396	0	0	0	0	0	0	N/A	N/A
2397	0	0	0	0	0	0	N/A	N/A
2398	0	0	0	0	0	0	N/A	N/A
2399	0	0	0	0	0	0	N/A	N/A
2400	0	0	0	0	0	0	N/A	N/A
2401	0	0	0	0	0	0	N/A	N/A
2402	0	0	0	0	0	0	N/A	N/A
2403	0	0	0	0	0	0	N/A	N/A
2404	0	0	0	0	0	0	N/A	N/A
2405	0	0	0	0	0	0	N/A	N/A
2406	0	0	0	0	0	0	N/A	N/A
2407	0	0	0	0	0	0	N/A	N/A
2408	0	0	0	0	0	0	N/A	N/A
2409	0	0	0	0	0	0	N/A	N/A
2410	0	0	0	0	0	0	N/A	N/A
2411	0	0	0	0	0	0	N/A	N/A
2412	0	0	0	0	0	0	N/A	N/A
2413	0	0	0	0	0	0	N/A	N/A
2414	0	0	0	0	0	0	N/A	N/A
2415	0	0	0	0	0	0	N/A	N/A
2416	0	0	0	0	0	0	N/A	N/A
2417	0	0	0	0	0	0	N/A	N/A
2418	0	0	0	0	0	0	N/A	N/A
2419	0	0	0	0	0	0	N/A	N/A
2420	0	0	0	0	0	0	N/A	N/A
2421	0	0	0	0	0	0	N/A	N/A
2422	0	0	0	0	0	0	N/A	N/A
2423	0	0	0	0	0	0	N/A	N/A
2424	0	0	0	0	0	0	N/A	N/A
2425	0	0	0	0	0	0	N/A	N/A
2426	0	0	0	0	0	0	N/A	N/A
2427	0	0	0	0	0	0	N/A	N/A
2428	0	0	0	0	0	0	N/A	N/A
2429	0	0	0	0	0	0	N/A	N/A
2430	0	0	0	0	0	0	N/A	N/A
2431	0	0	0	0	0	0	N/A	N/A
2432	0	0	0	0	0	0	N/A	N/A
2433	0	0	0	0	0	0	N/A	N/A
2434	0	0	0	0	0	0	N/A	N/A
2435	0	0	0	0	0	0	N/A	N/A
2436	0	0	0	0	0	0	N/A	N/A
2437	0	0	0	0	0	0	N/A	N/A
2438	0	0	0	0	0	0	N/A	N/A
2439	0	0	0	0	0	0	N/A	N/A
2440	0	0	0	0	0	0	N/A	N/A
2441	0	0	0	0	0	0	N/A	N/A
2442	0	0	0	0	0	0	N/A	N/A
2443	0	0	0	0	0	0	N/A	N/A
2444	0	0	0	0	0	0	N/A	N/A
2445	0	0	0	0	0	0	N/A	N/A
2446	0	0	0	0	0	0	N/A	N/A
2447	0	0	0	0	0	0	N/A	N/A
2448	0	0	0	0	0	0	N/A	N/A
2449	0	0	0	0	0	0	N/A	N/A
2450	0	0	0	0	0	0	N/A	N/A
2451	0	0	0	0	0	0	N/A	N/A
2452	0	0	0	0	0	0	N/A	N/A
2453	0	0	0	0	0	0	N/A	N/A
2454	0	0	0	0	0	0	N/A	N/A
2455	0	0	0	0	0	0	N/A	N/A
2456	0	0	0	0	0	0	N/A	N/A
2457	0	0	0	0	0	0	N/A	N/A
2458	0	0	0	0	0	0	N/A	N/A
2459	0	0	0	0	0	0	N/A	N/A
2460	0	0	0	0	0	0	N/A	N/A
2461	0	0	0	0	0	0	N/A	N/A
2462	0	0	0	0	0	0	N/A	N/A
2463	0	0	0	0	0	0	N/A	N/A
2464	0	0	0	0	0	0	N/A	N/A
2465	0	0	0	0	0	0	N/A	N/A
2466	0	0	0	0	0	0	N/A	N/A
2467	0	0	0	0	0	0	N/A	N/A
2468	0	0	0	0	0	0	N/A	N/A
2469	0	0	0	0	0	0	N/A	N/A
2470	0	0	0	0	0	0	N/A	N/A
2471	0	0	0	0	0	0	N/A	N/A
2472	0	0	0	0	0	0	N/A	N/A
2473	0	0	0	0	0	0	N/A	N/A
2474	0	0	0	0	0	0	N/A	N/A
2475	0	0	0	0	0	0	N/A	N/A
2476	0	0	0	0	0	0	N/A	N/A
2477	0	0	0	0	0	0	N/A	N/A
2478	0	0	0	0	0	0	N/A	N/A
2479	0	0	0	0	0	0	N/A	N/A
2480	0	0	0	0	0	0	N/A	N/A
2481	0	0	0	0	0	0	N/A	N/A
2482	0	0	0	0	0	0	N/A	N/A
2483	0	0	0	0	0	0	N/A	N/A
2484	0	0	0	0	0	0	N/A	N/A
2485	0	0	0	0	0	0	N/A	N/A
2486	0	0	0	0	0	0	N/A	N/A
2487	0	0	0	0	0	0	N/A	N/A
2488	0	0	0	0	0	0	N/A	N/A
2489	0	0	0	0	0	0	N/A	N/A
2490	0	0	0	0	0	0	N/A	N/A
2491	0	0	0	0	0	0	N/A	N/A
2492	0	0	0	0	0	0	N/A	N/A
2493	0	0	0	0	0	0	N/A	N/A
2494	0	0	0	0	0	0	N/A	N/A
2495	0	0	0	0	0	0	N/A	N/A
2496	0	0	0	0	0	0	N/A	N/A
2497	0	0	0	0	0	0	N/A	N/A
2498	0	0	0	0	0	0	N/A	N/A
2499	0	0	0	0	0	0	N/A	N/A
2500	0	0	0	0	0	0	N/A	N/A
2501	0	0	0	0	0	0	N/A	N/A
2502	0	0	0	0	0	0	N/A	N/A
2503	0	0	0	0	0	0	N/A	N/A
2504	0	0	0	0	0	0	N/A	N/A
2505	0	0	0	0	0	0	N/A	N/A
2506	0	0	0	0	0	0	N/A	N/A
2507	0	0	0	0	0	0	N/A	N/A
2508	0	0	0	0	0	0	N/A	N/A
2509	0	0	0	0	0	0	N/A	N/A
2510	0	0	0	0	0	0	N/A	N/A
2511	0	0	0	0	0	0	N/A	N/A
2512	0	0	0	0	0	0	N/A	N/A
2513	0	0	0	0	0	0	N/A	N/A
2514	0	0	0	0	0	0	N/A	N/A
2515	0	0	0	0	0	0	N/A	N/A
2516	0	0	0	0	0	0	N/A	N/A
2517	0	0	0	0	0	0	N/A	N/A
2518	0	0	0	0	0	0	N/A	N/A
2519	0	0	0	0	0	0	N/A	N/A
2520	0	0	0	0	0	0	N/A	N/A
2521	0	0	0	0	0	0	N/A	N/A
2522	0	0	0	0	0	0	N/A	N/A
2523	0	0	0	0	0	0	N/A	N/A
2524	0	0	0	0	0	0	N/A	N/A
2525	0	0	0	0	0	0	N/A	N/A
2526	0	0	0	0	0	0	N/A	N/A
2527	0	0	0	0	0	0	N/A	N/A
2528	0	0	0	0	0	0	N/A	N/A
2529	0	0	0	0	0	0	N/A	N/A
2530	0	0	0	0	0	0	N/A	N/A
2531	0	0	0	0	0	0	N/A	N/A
2532	0	0	0	0	0	0	N/A	N/A
2533	0	0	0	0	0	0	N/A	N/A
2534	0	0	0	0	0	0	N/A	N/A
2535	0	0	0	0	0	0	N/A	N/A
2536	0	0	0	0	0	0	N/A	N/A
2537	0	0	0	0	0	0	N/A	N/A
2538	0	0	0	0	0	0	N/A	N/A
2539	0	0	0	0	0	0	N/A	N/A
2540	0	0	0	0	0	0	N/A	N/A
2541	0	0	0	0	0	0	N/A	N/A
2542	0	0	0	0	0	0	N/A	N/A
2543	0	0	0	0	0	0	N/A	N/A
2544	0	0	0	0	0	0	N/A	N/A
2545	0	0	0	0	0	0	N/A	N/A
2546	0	0	0	0	0	0	N/A	N/A
2547	0	0	0	0	0	0	N/A	N/A
2548	0	0	0	0	0	0	N/A	N/A
2549	0	0	0	0	0	0	N/A	N/A
2550	0	0	0	0	0	0	N/A	N/A
2551	0	0	0	0	0	0	N/A	N/A
2552	0	0	0	0	0	0	N/A	N/A
2553	0	0	0	0	0	0	N/A	N/A
2554	0	0	0	0	0	0	N/A	N/A
2555	0	0	0	0	0	0	N/A	N/A
2556	0	0	0	0	0	0	N/A	N/A
2557	0	0	0	0	0	0	N/A	N/A
2558	0	0	0	0	0	0	N/A	N/A
2559	0	0	0	0	0	0	N/A	N/A
2560	0	0	0	0	0	0	N/A	N/A
2561	0	0	0	0	0	0	N/A	N/A
2562	0	0	0	0	0	0	N/A	N/A
2563	0	0	0	0	0	0	N/A	N/A
2564	0	0	0	0	0	0	N/A	N/A
2565	0	0	0	0	0	0	N/A	N/A
2566	0	0	0	0	0	0	N/A	N/A
2567	0	0	0	0	0	0	N/A	N/A
2568	0	0	0	0	0	0	N/A	N/A
2569	0	0	0	0	0	0	N/A	N/A
2570	0	0	0	0	0	0	N/A	N/A
2571	0	0	0	0	0	0	N/A	N/A
2572	0	0	0	0	0	0	N/A	N/A
2573	0	0	0	0	0	0	N/A	N/A
2574	0	0	0	0	0	0	N/A	N/A
2575	0	0	0	0	0	0	N/A	N/A
2576	0	0	0	0	0	0	N/A	N/A
2577	0	0	0	0	0	0	N/A	N/A
2578	0	0	0	0	0	0	N/A	N/A
2579	0	0	0	0	0	0	N/A	N/A
2580	0	0	0	0	0	0	N/A	N/A
2581	0	0	0	0	0	0	N/A	N/A
2582	0	0	0	0	0	0	N/A	N/A
2583	0	0	0	0	0	0	N/A	N/A
2584	0	0	0	0	0	0	N/A	N/A
2585	0	0	0	0	0	0	N/A	N/A
2586	0	0	0	0	0	0	N/A	N/A
2587	0	0	0	0	0	0	N/A	N/A
2588	0	0	0	0	0	0	N/A	N/A
2589	0	0	0	0	0	0	N/A	N/A
2590	0	0	0	0	0	0	N/A	N/A
2591	0	0	0	0	0	0	N/A	N/A
2592	0	0	0	0	0	0	N/A	N/A
2593	0	0	0	0	0	0	N/A	N/A
2594	0	0	0	0	0	0	N/A	N/A
2595	0	0	0	0	0	0	N/A	N/A
2596	0	0	0	0	0	0	N/A	N/A
2597	0	0	0	0	0	0	N/A	N/A
2598	0	0	0	0	0	0	N/A	N/A
2599	0	0	0	0	0	0	N/A	N/A
2600	0	0	0	0	0	0	N/A	N/A
2601	0	0	0	0	0	0	N/A	N/A
2602	0	0	0	0	0	0	N/A	N/A
2603	0	0	0	0	0	0	N/A	N/A
2604	0	0	0	0	0	0	N/A	N/A
2605	0	0	0	0	0	0	N/A	N/A
2606	0	0	0	0	0	0	N/A	N/A
2607	0	0	0	0	0	0	N/A	N/A
2608	0	0	0	0	0	0	N/A	N/A
2609	0	0	0	0	0	0	N/A	N/A
2610	0	0	0	0	0	0	N/A	N/A
2611	0	0	0	0	0	0	N/A	N/A
2612	0	0	0	0	0	0	N/A	N/A
2613	0	0	0	0	0	0	N/A	N/A
2614	0	0	0	0	0	0	N/A	N/A
2615	0	0	0	0	0	0	N/A	N/A
2616	0	0	0	0	0	0	N/A	N/A
2617	0	0	0	0	0	0	N/A	N/A
2618	0	0	0	0	0	0	N/A	N/A
2619	0	0	0	0	0	0	N/A	N/A
2620	0	0	0	0	0	0	N/A	N/A
2621	0	0	0	0	0	0	N/A	N/A
2622	0	0	0	0	0	0	N/A	N/A
2623	0	0	0	0	0	0	N/A	N/A
2624	0	0	0	0	0	0	N/A	N/A
2625	0	0	0	0	0	0	N/A	N/A
2626	0	0	0	0	0	0	N/A	N/A
2627	0	0	0	0	0	0	N/A	N/A
2628	0	0	0	0	0	0	N/A	N/A
2629	0	0	0	0	0	0	N/A	N/A
2630	0	0	0	0	0	0	N/A	N/A
2631	0	0	0	0	0	0	N/A	N/A
2632	0	0	0	0	0	0	N/A	N/A
2633	0	0	0	0	0	0	N/A	N/A
2634	0	0	0	0	0	0	N/A	N/A
2635	0	0	0	0	0	0	N/A	N/A
2636	0	0	0	0	0	0	N/A	N/A
2637	0	0	0	0	0	0	N/A	N/A
2638	0	0	0	0	0	0	N/A	N/A
2639	0	0	0	0	0	0	N/A	N/A
2640	0	0	0	0	0	0	N/A	N/A
2641	0	0	0	0	0	0	N/A	N/A
2642	0	0	0	0	0	0	N/A	N/A
2643	0	0	0	0	0	0	N/A	N/A
2644	0	0	0	0	0	0	N/A	N/A
2645	0	0	0	0	0	0	N/A	N/A
2646	0	0	0	0	0	0	N/A	N/A
2647	0	0	0	0	0	0	N/A	N/A
2648	0	0	0	0	0	0	N/A	N/A
2649	0	0	0	0	0	0	N/A	N/A
2650	0	0	0	0	0	0	N/A	N/A
2651	0	0	0	0	0	0	N/A	N/A
2652	0	0	0	0	0	0	N/A	N/A
2653	0	0	0	0	0	0	N/A	N/A
2654	0	0	0	0	0	0	N/A	N/A
2655	0	0	0	0	0	0	N/A	N/A
2656	0	0	0	0	0	0	N/A	N/A
2657	0	0	0	0	0	0	N/A	N/A
2658	0	0	0	0	0	0	N/A	N/A
2659	0	0	0	0	0	0	N/A	N/A
2660	0	0	0	0	0	0	N/A	N/A
2661	0	0	0	0	0	0	N/A	N/A
2662	0	0	0	0	0	0	N/A	N/A
2663	0	0	0	0	0	0	N/A	N/A
2664	0	0	0	0	0	0	N/A	N/A
2665	0	0	0	0	0	0	N/A	N/A
2666	0	0	0	0	0	0	N/A	N/A
2667	0	0	0	0	0	0	N/A	N/A
2668	0	0	0	0	0	0	N/A	N/A
2669	0	0	0	0	0	0	N/A	N/A
2670	0	0	0	0	0	0	N/A	N/A
2671	0	0	0	0	0	0	N/A	N/A
2672	0	0	0	0	0	0	N/A	N/A
2673	0	0	0	0	0	0	N/A	N/A
2674	0	0	0	0	0	0	N/A	N/A
2675	0	0	0	0	0	0	N/A	N/A
2676	0	0	0	0	0	0	N/A	N/A
2677	0	0	0	0	0	0	N/A	N/A
2678	0	0	0	0	0	0	N/A	N/A
2679	0	0	0	0	0	0	N/A	N/A
2680	0	0	0	0	0	0	N/A	N/A
2681	0	0	0	0	0	0	N/A	N/A
2682	0	0	0	0	0	0	N/A	N/A
2683	0	0	0	0	0	0	N/A	N/A
2684	0	0	0	0	0	0	N/A	N/A
2685	0	0	0	0	0	0	N/A	N/A
2686	0	0	0	0	0	0	N/A	N/A
2687	0	0	0	0	0	0	N/A	N/A
2688	0	0	0	0	0	0	N/A	N/A
2689	0	0	0	0	0	0	N/A	N/A
2690	0	0	0	0	0	0	N/A	N/A
2691	0	0	0	0	0	0	N/A	N/A
2692	0	0	0	0	0	0	N/A	N/A
2693	0	0	0	0	0	0	N/A	N/A
2694	0	0	0	0	0	0	N/A	N/A
2695	0	0	0	0	0	0	N/A	N/A
2696	0	0	0	0	0	0	N/A	N/A
2697	0	0	0	0	0	0	N/A	N/A
2698	0	0	0	0	0	0	N/A	N/A
2699	0	0	0	0	0	0	N/A	N/A
2700	0	0	0	0	0	0	N/A	N/A
2701	0	0	0	0	0	0	N/A	N/A
2702	0	0	0	0	0	0	N/A	N/A
2703	0	0	0	0	0	0	N/A	N/A
2704	0	0	0	0	0	0	N/A	N/A
2705	0	0	0	0	0	0	N/A	N/A
2706	0	0	0	0	0	0	N/A	N/A
2707	0	0	0	0	0	0	N/A	N/A
2708	0	0	0	0	0	0	N/A	N/A
2709	0	0	0	0	0	0	N/A	N/A
2710	0	0	0	0	0	0	N/A	N/A
2711	0	0	0	0	0	0	N/A	N/A
2712	0	0	0	0	0	0	N/A	N/A
2713	0	0	0	0	0	0	N/A	N/A
2714	0	0	0	0	0	0	N/A	N/A
2715	0	0	0	0	0	0	N/A	N/A
2716	0	0	0	0	0	0	N/A	N/A
2717	0	0	0	0	0	0	N/A	N/A
2718	0	0	0	0	0	0	N/A	N/A
2719	0	0	0	0	0	0	N/A	N/A
2720	0	0	0	0	0	0	N/A	N/A
2721	0	0	0	0	0	0	N/A	N/A
2722	0	0	0	0	0	0	N/A	N/A
2723	0	0	0	0	0	0	N/A	N/A
2724	0	0	0	0	0	0	N/A	N/A
2725	0	0	0	0	0	0	N/A	N/A
2726	0	0	0	0	0	0	N/A	N/A
2727	0	0	0	0	0	0	N/A	N/A
2728	0	0	0	0	0	0	N/A	N/A
2729	0	0	0	0	0	0	N/A	N/A
2730	0	0	0	0	0	0	N/A	N/A
2731	0	0	0	0	0	0	N/A	N/A
2732	0	0	0	0	0	0	N/A	N/A
2733	0	0	0	0	0	0	N/A	N/A
2734	0	0	0	0	0	0	N/A	N/A
2735	0	0	0	0	0	0	N/A	N/A
2736	0	0	0	0	0	0	N/A	N/A
2737	0	0	0	0	0	0	N/A	N/A
2738	0	0	0	0	0	0	N/A	N/A
2739	0	0	0	0	0	0	N/A	N/A
2740	0	0	0	0	0	0	N/A	N/A
2741	0	0	0	0	0	0	N/A	N/A
2742	0	0	0	0	0	0	N/A	N/A
2743	0	0	0	0	0	0	N/A	N/A
2744	0	0	0	0	0	0	N/A	N/A
2745	0	0	0	0	0	0	N/A	N/A
2746	0	0	0	0	0	0	N/A	N/A
2747	0	0	0	0	0	0	N/A	N/A
2748	0	0	0	0	0	0	N/A	N/A
2749	0	0	0	0	0	0	N/A	N/A
2750	0	0	0	0	0	0	N/A	N/A
2751	0	0	0	0	0	0	N/A	N/A
2752	0	0	0	0	0	0	N/A	N/A
2753	0	0	0	0	0	0	N/A	N/A
2754	0	0	0	0	0	0	N/A	N/A
2755	0	0	0	0	0	0	N/A	N/A
2756	0	0	0	0	0	0	N/A	N/A
2757	0	0	0	0	0	0	N/A	N/A
2758	0	0	0	0	0	0	N/A	N/A
2759	0	0	0	0	0	0	N/A	N/A
2760	0	0	0	0	0	0	N/A	N/A
2761	0	0	0	0	0	0	N/A	N/A
2762	0	0	0	0	0	0	N/A	N/A
2763	0	0	0	0	0	0	N/A	N/A
2764	0	0	0	0	0	0	N/A	N/A
2765	0	0	0	0	0	0	N/A	N/A
2766	0	0	0	0	0	0	N/A	N/A
2767	0	0	0	0	0	0	N/A	N/A
2768	0	0	0	0	0	0	N/A	N/A
2769	0	0	0	0	0	0	N/A	N/A
2770	0	0	0	0	0	0	N/A	N/A
2771	0	0	0	0	0	0	N/A	N/A
2772	0	0	0	0	0	0	N/A	N/A
2773	0	0	0	0	0	0	N/A	N/A
2774	0	0	0	0	0	0	N/A	N/A
2775	0	0	0	0	0	0	N/A	N/A
2776	0	0	0	0	0	0	N/A	N/A
2777	0	0	0	0	0	0	N/A	N/A
2778	0	0	0	0	0	0	N/A	N/A
2779	0	0	0	0	0	0	N/A	N/A
2780	0	0	0	0	0	0	N/A	N/A
2781	0	0	0	0	0	0	N/A	N/A
2782	0	0	0	0	0	0	N/A	N/A
2783	0	0	0	0	0	0	N/A	N/A
2784	0	0	0	0	0	0	N/A	N/A
2785	0	0	0	0	0	0	N/A	N/A
2786	0	0	0	0	0	0	N/A	N/A
2787	0	0	0	0	0	0	N/A	N/A
2788	0	0	0	0	0	0	N/A	N/A
2789	0	0	0	0	0	0	N/A	N/A
2790	0	0	0	0	0	0	N/A	N/A
2791	0	0	0	0	0	0	N/A	N/A
2792	0	0	0	0	0	0	N/A	N/A
2793	0	0	0	0	0	0	N/A	N/A
2794	0	0	0	0	0	0	N/A	N/A
2795	0	0	0	0	0	0	N/A	N/A
2796	0	0	0	0	0	0	N/A	N/A
2797	0	0	0	0	0	0	N/A	N/A
2798	0	0	0	0	0	0	N/A	N/A
2799	0	0	0	0	0	0	N/A	N/A
2800	0	0	0	0	0	0	N/A	N/A
2801	0	0	0	0	0	0	N/A	N/A
2802	0	0	0	0	0	0	N/A	N/A
2803	0	0	0	0	0	0	N/A	N/A
2804	0	0	0	0	0	0	N/A	N/A
2805	0	0	0	0	0	0	N/A	N/A
2806	0	0	0	0	0	0	N/A	N/A
2807	0	0	0	0	0	0	N/A	N/A
2808	0	0	0	0	0	0	N/A	N/A
2809	0	0	0	0	0	0	N/A	N/A
2810	0	0	0	0	0	0	N/A	N/A
2811	0	0	0	0	0	0	N/A	N/A
2812	0	0	0	0	0	0	N/A	N/A
2813	0	0	0	0	0	0	N/A	N/A
2814	0	0	0	0	0	0	N/A	N/A
2815	0	0	0	0	0	0	N/A	N/A
2816	0	0	0	0	0	0	N/A	N/A
2817	0	0	0	0	0	0	N/A	N/A
2818	0	0	0	0	0	0	N/A	N/A
2819	0	0	0	0	0	0	N/A	N/A
2820	0	0	0	0	0	0	N/A	N/A
2821	0	0	0	0	0	0	N/A	N/A
2822	0	0	0	0	0	0	N/A	N/A
2823	0	0	0	0	0	0	N/A	N/A
2824	0	0	0	0	0	0	N/A	N/A
2825	0	0	0	0	0	0	N/A	N/A
2826	0	0	0	0	0	0	N/A	N/A
2827	0	0	0	0	0	0	N/A	N/A
2828	0	0	0	0	0	0	N/A	N/A
2829	0	0	0	0	0	0	N/A	N/A
2830	0	0	0	0	0	0	N/A	N/A
2831	0	0	0	0	0	0	N/A	N/A
2832	0	0	0	0	0	0	N/A	N/A
2833	0	0	0	0	0	0	N/A	N/A
2834	0	0	0	0	0	0	N/A	N/A
2835	0	0	0	0	0	0	N/A	N/A
2836	0	0	0	0	0	0	N/A	N/A
2837	0	0	0	0	0	0	N/A	N/A
2838	0	0	0	0	0	0	N/A	N/A
2839	0	0	0	0	0	0	N/A	N/A
2840	0	0	0	0	0	0	N/A	N/A
2841	0	0	0	0	0	0	N/A	N/A
2842	0	0	0	0	0	0	N/A	N/A
2843	0	0	0	0	0	0	N/A	N/A
2844	0	0	0	0	0	0	N/A	N/A
2845	0	0	0	0	0	0	N/A	N/A
2846	0	0	0	0	0	0	N/A	N/A
2847	0	0	0	0	0	0	N/A	N/A
2848	0	0	0	0	0	0	N/A	N/A
2849	0	0	0	0	0	0	N/A	N/A
2850	0	0	0	0	0	0	N/A	N/A
2851	0	0	0	0	0	0	N/A	N/A
2852	0	0	0	0	0	0	N/A	N/A
2853	0	0	0	0	0	0	N/A	N/A
2854	0	0	0	0	0	0	N/A	N/A
2855	0	0	0	0	0	0	N/A	N/A
2856	0	0	0	0	0	0	N/A	N/A
2857	0	0	0	0	0	0	N/A	N/A
2858	0	0	0	0	0	0	N/A	N/A
2859	0	0	0	0	0	0	N/A	N/A
2860	0	0	0	0	0	0	N/A	N/A
2861	0	0	0	0	0	0	N/A	N/A
2862	0	0	0	0	0	0	N/A	N/A
2863	0	0	0	0	0	0	N/A	N/A
2864	0	0	0	0	0	0	N/A	N/A
2865	0	0	0	0	0	0	N/A	N/A
2866	0	0	0	0	0	0	N/A	N/A
2867	0	0	0	0	0	0	N/A	N/A
2868	0	0	0	0	0	0	N/A	N/A
2869	0	0	0	0	0	0	N/A	N/A
2870	0	0	0	0	0	0	N/A	N/A
2871	0	0	0	0	0	0	N/A	N/A
2872	0	0	0	0	0	0	N/A	N/A
2873	0	0	0	0	0	0	N/A	N/A
2874	0	0	0	0	0	0	N/A	N/A
2875	0	0	0	0	0	0	N/A	N/A
2876	0	0	0	0	0	0	N/A	N/A
2877	0	0	0	0	0	0	N/A	N/A
2878	0	0	0	0	0	0	N/A	N/A
2879	0	0	0	0	0	0	N/A	N/A
2880	0	0	0	0	0	0	N/A	N/A
2881	0	0	0	0	0	0	N/A	N/A
2882	0	0	0	0	0	0	N/A	N/A
2883	0	0	0	0	0	0	N/A	N/A
2884	0	0	0	0	0	0	N/A	N/A
2885	0	0	0	0	0	0	N/A	N/A
2886	0	0	0	0	0	0	N/A	N/A
2887	0	0	0	0	0	0	N/A	N/A
2888	0	0	0	0	0	0	N/A	N/A
2889	0	0	0	0	0	0	N/A	N/A
2890	0	0	0	0	0	0	N/A	N/A
2891	0	0	0	0	0	0	N/A	N/A
2892	0	0	0	0	0	0	N/A	N/A
2893	0	0	0	0	0	0	N/A	N/A
2894	0	0	0	0	0	0	N/A	N/A
2895	0	0	0	0	0	0	N/A	N/A
2896	0	0	0	0	0	0	N/A	N/A
2897	0	0	0	0	0	0	N/A	N/A
2898	0	0	0	0	0	0	N/A	N/A
2899	0	0	0	0	0	0	N/A	N/A
2900	0	0	0	0	0	0	N/A	N/A
2901	0	0	0	0	0	0	N/A	N/A
2902	0	0	0	0	0	0	N/A	N/A
2903	0	0	0	0	0	0	N/A	N/A
2904	0	0	0	0	0	0	N/A	N/A
2905	0	0	0	0	0	0	N/A	N/A
2906	0	0	0	0	0	0	N/A	N/A
2907	0	0	0	0	0	0	N/A	N/A
2908	0	0	0	0	0	0	N/A	N/A
2909	0	0	0	0	0	0	N/A	N/A
2910	0	0	0	0	0	0	N/A	N/A
2911	0	0	0	0	0	0	N/A	N/A
2912	0	0	0	0	0	0	N/A	N/A
2913	0	0	0	0	0	0	N/A	N/A
2914	0	0	0	0	0	0	N/A	N/A
2915	0	0	0	0	0	0	N/A	N/A
2916	0	0	0	0	0	0	N/A	N/A
2917	0	0	0	0	0	0	N/A	N/A
2918	0	0	0	0	0	0	N/A	N/A
2919	0	0	0	0	0	0	N/A	N/A
2920	0	0	0	0	0	0	N/A	N/A
2921	0	0	0	0	0	0	N/A	N/A
2922	0	0	0	0	0	0	N/A	N/A
2923	0	0	0	0	0	0	N/A	N/A
2924	0	0	0	0	0	0	N/A	N/A
2925	0	0	0	0	0	0	N/A	N/A
2926	0	0	0	0	0	0	N/A	N/A
2927	0	0	0	0	0	0	N/A	N/A
2928	0	0	0	0	0	0	N/A	N/A
2929	0	0	0	0	0	0	N/A	N/A
2930	0	0	0	0	0	0	N/A	N/A
2931	0	0	0	0	0	0	N/A	N/A
2932	0	0	0	0	0	0	N/A	N/A
2933	0	0	0	0	0	0	N/A	N/A
2934	0	0	0	0	0	0	N/A	N/A
2935	0	0	0	0	0	0	N/A	N/A
2936	0	0	0	0	0	0	N/A	N/A
2937	0	0	0	0	0	0	N/A	N/A
2938	0	0	0	0	0	0	N/A	N/A
2939	0	0	0	0	0	0	N/A	N/A
2940	0	0	0	0	0	0	N/A	N/A
2941	0	0	0	0	0	0	N/A	N/A
2942	0	0	0	0	0	0	N/A	N/A
2943	0	0	0	0	0	0	N/A	N/A
2944	0	0	0	0	0	0	N/A	N/A
2945	0	0	0	0	0	0	N/A	N/A
2946	0	0	0	0	0	0	N/A	N/A
2947	0	0	0	0	0	0	N/A	N/A
2948	0	0	0	0	0	0	N/A	N/A
2949	0	0	0	0	0	0	N/A	N/A
2950	0	0	0	0	0	0	N/A	N/A
2951	0	0	0	0	0	0	N/A	N/A
2952	0	0	0	0	0	0	N/A	N/A
2953	0	0	0	0	0	0	N/A	N/A
2954	0	0	0	0	0	0	N/A	N/A
2955	0	0	0	0	0	0	N/A	N/A
2956	0	0	0	0	0	0	N/A	N/A
2957	0	0	0	0	0	0	N/A	N/A
2958	0	0	0	0	0	0	N/A	N/A
2959	0	0	0	0	0	0	N/A	N/A
2960	0	0	0	0	0	0	N/A	N/A
2961	0	0	0	0	0	0	N/A	N/A
2962	0	0	0	0	0	0	N/A	N/A
2963	0	0	0	0	0	0	N/A	N/A
2964	0	0	0	0	0	0	N/A	N/A
2965	0	0	0	0	0	0	N/A	N/A
2966	0	0	0	0	0	0	N/A	N/A
2967	0	0	0	0	0	0	N/A	N/A
2968	0	0	0	0	0	0	N/A	N/A
2969	0	0	0	0	0	0	N/A	N/A
2970	0	0	0	0	0	0	N/A	N/A
2971	0	0	0	0	0	0	N/A	N/A
2972	0	0	0	0	0	0	N/A	N/A
2973	0	0	0	0	0	0	N/A	N/A
2974	0	0	0	0	0	0	N/A	N/A
2975	0	0	0	0	0	0	N/A	N/A
2976	0	0	0	0	0	0	N/A	N/A
2977	0	0	0	0	0	0	N/A	N/A
2978	0	0	0	0	0	0	N/A	N/A
2979	0	0	0	0	0	0	N/A	N/A
2980	0	0	0	0	0	0	N/A	N/A
2981	0	0	0	0	0	0	N/A	N/A
2982	0	0	0	0	0	0	N/A	N/A
2983	0	0	0	0	0	0	N/A	N/A
2984	0	0	0	0	0	0	N/A	N/A
2985	0	0	0	0	0	0	N/A	N/A
2986	0	0	0	0	0	0	N/A	N/A
2987	0	0	0	0	0	0	N/A	N/A
2988	0	0	0	0	0	0	N/A	N/A
2989	0	0	0	0	0	0	N/A	N/A
2990	0	0	0	0	0	0	N/A	N/A
2991	0	0	0	0	0	0	N/A	N/A
2992	0	0	0	0	0	0	N/A	N/A
2993	0	0	0	0	0	0	N/A	N/A
2994	0	0	0	0	0	0	N/A	N/A
2995	0	0	0	0	0	0	N/A	N/A
2996	0	0	0	0	0	0	N/A	N/A
2997	0	0	0	0	0	0	N/A	N/A
2998	0	0	0	0	0	0	N/A	N/A
2999	0	0	0	0	0	0	N/A	N/A
3000	0	0	0	0	0	0	N/A	N/A
3001	0	0	0	0	0	0	N/A	N/A
3002	0	0	0	0	0	0	N/A	N/A
3003	0	0	0	0	0	0	N/A	N/A
3004	0	0	0	0	0	0	N/A	N/A
3005	0	0	0	0	0	0	N/A	N/A
3006	0	0	0	0	0	0	N/A	N/A
3007	0	0	0	0	0	0	N/A	N/A
3008	0	0	0	0	0	0	N/A	N/A
3009	0	0	0	0	0	0	N/A	N/A
3010	0	0	0	0	0	0	N/A	N/A
3011	0	0	0	0	0	0	N/A	N/A
3012	0	0	0	0	0	0	N/A	N/A
3013	0	0	0	0	0	0	N/A	N/A
3014	0	0	0	0	0	0	N/A	N/A
3015	0	0	0	0	0	0	N/A	N/A
3016	0	0	0	0	0	0	N/A	N/A
3017	0	0	0	0	0	0	N/A	N/A
3018	0	0	0	0	0	0	N/A	N/A
3019	0	0	0	0	0	0	N/A	N/A
3020	0	0	0	0	0	0	N/A	N/A
3021	0	0	0	0	0	0	N/A	N/A
3022	0	0	0	0	0	0	N/A	N/A
3023	0	0	0	0	0	0	N/A	N/A
3024	0	0	0	0	0	0	N/A	N/A
3025	0	0	0	0	0	0	N/A	N/A
3026	0	0	0	0	0	0	N/A	N/A
3027	0	0	0	0	0	0	N/A	N/A
3028	0	0	0	0	0	0	N/A	N/A
3029	0	0	0	0	0	0	N/A	N/A
3030	0	0	0	0	0	0	N/A	N/A
3031	0	0	0	0	0	0	N/A	N/A
3032	0	0	0	0	0	0	N/A	N/A
3033	0	0	0	0	0	0	N/A	N/A
3034	0	0	0	0	0	0	N/A	N/A
3035	0	0	0	0	0	0	N/A	N/A
3036	0	0	0	0	0	0	N/A	N/A
3037	0	0	0	0	0	0	N/A	N/A
3038	0	0	0	0	0	0	N/A	N/A
3039	0	0	0	0	0	0	N/A	N/A
3040	0	0	0	0	0	0	N/A	N/A
3041	0	0	0	0	0	0	N/A	N/A
3042	0	0	0	0	0	0	N/A	N/A
3043	0	0	0	0	0	0	N/A	N/A
3044	0	0	0	0	0	0	N/A	N/A
3045	0	0	0	0	0	0	N/A	N/A
3046	0	0	0	0	0	0	N/A	N/A
3047	0	0	0	0	0	0	N/A	N/A
3048	0	0	0	0	0	0	N/A	N/A
3049	0	0	0	0	0	0	N/A	N/A
3050	0	0	0	0	0	0	N/A	N/A
3051	0	0	0	0	0	0	N/A	N/A
3052	1	0	0	0	1	0	0.0	0.9996723460026212
3053	0	0	0	0	0	0	N/A	N/A
3054	0	0	0	0	0	0	N/A	N/A
3055	0	0	0	0	0	0	N/A	N/A
3056	1	0	1	0	0	0	0.0	0.9993455497382199
3057	0	0	0	0	0	0	N/A	N/A
3058	0	0	0	0	0	0	N/A	N/A
3059	0	0	0	0	0	0	N/A	N/A
3060	0	0	0	0	0	0	N/A	N/A
3061	0	0	0	0	0	0	N/A	N/A
3062	0	0	0	0	0	0	N/A	N/A
3063	0	0	0	0	0	0	N/A	N/A
3064	0	0	0	0	0	0	N/A	N/A
3065	0	0	0	0	0	0	N/A	N/A
3066	0	0	0	0	0	0	N/A	N/A
3067	0	0	0	0	0	0	N/A	N/A
3068	0	0	0	0	0	0	N/A	N/A
3069	0	0	0	0	0	0	N/A	N/A
3070	0	0	0	0	0	0	N/A	N/A
3071	0	0	0	0	0	0	N/A	N/A
3072	0	0	0	0	0	0	N/A	N/A
3073	0	0	0	0	0	0	N/A	N/A
3074	0	0	0	0	0	0	N/A	N/A
3075	0	0	0	0	0	0	N/A	N/A
3076	1	0	0	0	1	0	0.0	0.9986996098829649
3077	1	0	0	0	1	0	0.0	0.9996750081247969
3078	0	0	0	0	0	0	N/A	N/A
3079	0	0	0	0	0	0	N/A	N/A
3080	2	0	0	0	2	1	0.5	0.9998376623376624
3081	0	0	0	0	0	0	N/A	N/A
3082	1	0	0	0	1	0	0.0	0.9987021414665801
3083	0	0	0	0	0	0	N/A	N/A
3084	0	0	0	0	0	0	N/A	N/A
3085	0	0	0	0	0	0	N/A	N/A
3086	1	0	0	0	1	1	1.0	1.0
3087	0	0	0	0	0	0	N/A	N/A
3088	0	0	0	0	0	0	N/A	N/A
3089	0	0	0	0	0	0	N/A	N/A
3090	0	0	0	0	0	0	N/A	N/A
3091	0	0	0	0	0	0	N/A	N/A
3092	0	0	0	0	0	0	N/A	N/A
3093	1	0	0	0	1	0	0.0	0.9996766892984158
3094	0	0	0	0	0	0	N/A	N/A
3095	0	0	0	0	0	0	N/A	N/A
3096	0	0	0	0	0	0	N/A	N/A
3097	0	0	0	0	0	0	N/A	N/A
3098	0	0	0	0	0	0	N/A	N/A
3099	0	0	0	0	0	0	N/A	N/A
3100	0	0	0	0	0	0	N/A	N/A
3101	0	0	0	0	0	0	N/A	N/A
3102	0	0	0	0	0	0	N/A	N/A
3103	0	0	0	0	0	0	N/A	N/A
3104	0	0	0	0	0	0	N/A	N/A
3105	0	0	0	0	0	0	N/A	N/A
3106	0	0	0	0	0	0	N/A	N/A
3107	0	0	0	0	0	0	N/A	N/A
3108	0	0	0	0	0	0	N/A	N/A
3109	0	0	0	0	0	0	N/A	N/A
3110	0	0	0	0	0	0	N/A	N/A
3111	0	0	0	0	0	0	N/A	N/A
3112	0	0	0	0	0	0	N/A	N/A
3113	0	0	0	0	0	0	N/A	N/A
3114	0	0	0	0	0	0	N/A	N/A
3115	0	0	0	0	0	0	N/A	N/A
3116	0	0	0	0	0	0	N/A	N/A
3117	0	0	0	0	0	0	N/A	N/A
3118	0	0	0	0	0	0	N/A	N/A
3119	0	0	0	0	0	0	N/A	N/A
3120	0	0	0	0	0	0	N/A	N/A
3121	0	0	0	0	0	0	N/A	N/A
3122	0	0	0	0	0	0	N/A	N/A
3123	0	0	0	0	0	0	N/A	N/A
3124	0	0	0	0	0	0	N/A	N/A
3125	0	0	0	0	0	0	N/A	N/A
3126	0	0	0	0	0	0	N/A	N/A
3127	0	0	0	0	0	0	N/A	N/A
3128	0	0	0	0	0	0	N/A	N/A
3129	0	0	0	0	0	0	N/A	N/A
3130	0	0	0	0	0	0	N/A	N/A
3131	0	0	0	0	0	0	N/A	N/A
3132	0	0	0	0	0	0	N/A	N/A
3133	0	0	0	0	0	0	N/A	N/A
3134	0	0	0	0	0	0	N/A	N/A
3135	0	0	0	0	0	0	N/A	N/A
3136	0	0	0	0	0	0	N/A	N/A
3137	0	0	0	0	0	0	N/A	N/A
3138	0	0	0	0	0	0	N/A	N/A
3139	0	0	0	0	0	0	N/A	N/A
3140	0	0	0	0	0	0	N/A	N/A
3141	0	0	0	0	0	0	N/A	N/A
3142	0	0	0	0	0	0	N/A	N/A
3143	0	0	0	0	0	0	N/A	N/A
3144	0	0	0	0	0	0	N/A	N/A
3145	0	0	0	0	0	0	N/A	N/A
3146	0	0	0	0	0	0	N/A	N/A
3147	0	0	0	0	0	0	N/A	N/A
3148	0	0	0	0	0	0	N/A	N/A
3149	0	0	0	0	0	0	N/A	N/A
3150	0	0	0	0	0	0	N/A	N/A
3151	0	0	0	0	0	0	N/A	N/A
3152	0	0	0	0	0	0	N/A	N/A
3153	0	0	0	0	0	0	N/A	N/A
3154	0	0	0	0	0	0	N/A	N/A
3155	0	0	0	0	0	0	N/A	N/A
3156	0	0	0	0	0	0	N/A	N/A
3157	0	0	0	0	0	0	N/A	N/A
3158	0	0	0	0	0	0	N/A	N/A
3159	0	0	0	0	0	0	N/A	N/A
3160	0	0	0	0	0	0	N/A	N/A
3161	0	0	0	0	0	0	N/A	N/A
3162	0	0	0	0	0	0	N/A	N/A
3163	0	0	0	0	0	0	N/A	N/A
3164	0	0	0	0	0	0	N/A	N/A
3165	0	0	0	0	0	0	N/A	N/A
3166	0	0	0	0	0	0	N/A	N/A
3167	0	0	0	0	0	0	N/A	N/A
3168	0	0	0	0	0	0	N/A	N/A
3169	0	0	0	0	0	0	N/A	N/A
3170	0	0	0	0	0	0	N/A	N/A
3171	0	0	0	0	0	0	N/A	N/A
3172	0	0	0	0	0	0	N/A	N/A
3173	0	0	0	0	0	0	N/A	N/A
3174	0	0	0	0	0	0	N/A	N/A
3175	0	0	0	0	0	0	N/A	N/A
3176	0	0	0	0	0	0	N/A	N/A
3177	0	0	0	0	0	0	N/A	N/A
3178	0	0	0	0	0	0	N/A	N/A
3179	0	0	0	0	0	0	N/A	N/A
3180	0	0	0	0	0	0	N/A	N/A
3181	0	0	0	0	0	0	N/A	N/A
3182	0	0	0	0	0	0	N/A	N/A
3183	0	0	0	0	0	0	N/A	N/A
3184	0	0	0	0	0	0	N/A	N/A
3185	0	0	0	0	0	0	N/A	N/A
3186	0	0	0	0	0	0	N/A	N/A
3187	0	0	0	0	0	0	N/A	N/A
3188	0	0	0	0	0	0	N/A	N/A
3189	0	0	0	0	0	0	N/A	N/A
3190	0	0	0	0	0	0	N/A	N/A
3191	0	0	0	0	0	0	N/A	N/A
3192	0	0	0	0	0	0	N/A	N/A
3193	0	0	0	0	0	0	N/A	N/A
3194	0	0	0	0	0	0	N/A	N/A
3195	0	0	0	0	0	0	N/A	N/A
3196	0	0	0	0	0	0	N/A	N/A
3197	0	0	0	0	0	0	N/A	N/A
3198	0	0	0	0	0	0	N/A	N/A
3199	0	0	0	0	0	0	N/A	N/A
3200	0	0	0	0	0	0	N/A	N/A
3201	0	0	0	0	0	0	N/A	N/A
3202	0	0	0	0	0	0	N/A	N/A
3203	0	0	0	0	0	0	N/A	N/A
3204	0	0	0	0	0	0	N/A	N/A
3205	0	0	0	0	0	0	N/A	N/A
3206	0	0	0	0	0	0	N/A	N/A
3207	0	0	0	0	0	0	N/A	N/A
3208	0	0	0	0	0	0	N/A	N/A
3209	0	0	0	0	0	0	N/A	N/A
3210	0	0	0	0	0	0	N/A	N/A
3211	0	0	0	0	0	0	N/A	N/A
3212	0	0	0	0	0	0	N/A	N/A
3213	0	0	0	0	0	0	N/A	N/A
3214	0	0	0	0	0	0	N/A	N/A
3215	0	0	0	0	0	0	N/A	N/A
3216	0	0	0	0	0	0	N/A	N/A
3217	0	0	0	0	0	0	N/A	N/A
3218	0	0	0	0	0	0	N/A	N/A
3219	0	0	0	0	0	0	N/A	N/A
3220	0	0	0	0	0	0	N/A	N/A
3221	0	0	0	0	0	0	N/A	N/A
3222	0	0	0	0	0	0	N/A	N/A
3223	0	0	0	0	0	0	N/A	N/A
3224	0	0	0	0	0	0	N/A	N/A
3225	0	0	0	0	0	0	N/A	N/A
3226	0	0	0	0	0	0	N/A	N/A
3227	0	0	0	0	0	0	N/A	N/A
3228	0	0	0	0	0	0	N/A	N/A
3229	0	0	0	0	0	0	N/A	N/A
3230	0	0	0	0	0	0	N/A	N/A
3231	0	0	0	0	0	0	N/A	N/A
3232	0	0	0	0	0	0	N/A	N/A
3233	0	0	0	0	0	0	N/A	N/A
3234	0	0	0	0	0	0	N/A	N/A
3235	0	0	0	0	0	0	N/A	N/A
3236	0	0	0	0	0	0	N/A	N/A
3237	0	0	0	0	0	0	N/A	N/A
3238	0	0	0	0	0	0	N/A	N/A
3239	0	0	0	0	0	0	N/A	N/A
3240	0	0	0	0	0	0	N/A	N/A
3241	0	0	0	0	0	0	N/A	N/A
3242	0	0	0	0	0	0	N/A	N/A
3243	0	0	0	0	0	0	N/A	N/A
3244	0	0	0	0	0	0	N/A	N/A
3245	0	0	0	0	0	0	N/A	N/A
3246	0	0	0	0	0	0	N/A	N/A
3247	0	0	0	0	0	0	N/A	N/A
3248	0	0	0	0	0	0	N/A	N/A
3249	0	0	0	0	0	0	N/A	N/A
3250	0	0	0	0	0	0	N/A	N/A
3251	0	0	0	0	0	0	N/A	N/A
3252	0	0	0	0	0	0	N/A	N/A
3253	0	0	0	0	0	0	N/A	N/A
3254	0	0	0	0	0	0	N/A	N/A
3255	0	0	0	0	0	0	N/A	N/A
3256	0	0	0	0	0	0	N/A	N/A
3257	0	0	0	0	0	0	N/A	N/A
3258	0	0	0	0	0	0	N/A	N/A
3259	0	0	0	0	0	0	N/A	N/A
3260	0	0	0	0	0	0	N/A	N/A
3261	0	0	0	0	0	0	N/A	N/A
3262	0	0	0	0	0	0	N/A	N/A
3263	0	0	0	0	0	0	N/A	N/A
3264	0	0	0	0	0	0	N/A	N/A
3265	0	0	0	0	0	0	N/A	N/A
3266	0	0	0	0	0	0	N/A	N/A
3267	0	0	0	0	0	0	N/A	N/A
3268	0	0	0	0	0	0	N/A	N/A
3269	0	0	0	0	0	0	N/A	N/A
3270	0	0	0	0	0	0	N/A	N/A
3271	0	0	0	0	0	0	N/A	N/A
3272	0	0	0	0	0	0	N/A	N/A
3273	0	0	0	0	0	0	N/A	N/A
3274	0	0	0	0	0	0	N/A	N/A
3275	0	0	0	0	0	0	N/A	N/A
3276	0	0	0	0	0	0	N/A	N/A
3277	0	0	0	0	0	0	N/A	N/A
3278	0	0	0	0	0	0	N/A	N/A
3279	0	0	0	0	0	0	N/A	N/A
3280	0	0	0	0	0	0	N/A	N/A
3281	0	0	0	0	0	0	N/A	N/A
3282	0	0	0	0	0	0	N/A	N/A
3283	0	0	0	0	0	0	N/A	N/A
3284	0	0	0	0	0	0	N/A	N/A
3285	0	0	0	0	0	0	N/A	N/A
3286	0	0	0	0	0	0	N/A	N/A
3287	0	0	0	0	0	0	N/A	N/A
3288	0	0	0	0	0	0	N/A	N/A
3289	0	0	0	0	0	0	N/A	N/A
3290	0	0	0	0	0	0	N/A	N/A
3291	0	0	0	0	0	0	N/A	N/A
3292	0	0	0	0	0	0	N/A	N/A
3293	0	0	0	0	0	0	N/A	N/A
3294	0	0	0	0	0	0	N/A	N/A
3295	0	0	0	0	0	0	N/A	N/A
3296	0	0	0	0	0	0	N/A	N/A
3297	0	0	0	0	0	0	N/A	N/A
3298	0	0	0	0	0	0	N/A	N/A
3299	0	0	0	0	0	0	N/A	N/A
3300	0	0	0	0	0	0	N/A	N/A
3301	0	0	0	0	0	0	N/A	N/A
3302	0	0	0	0	0	0	N/A	N/A
3303	0	0	0	0	0	0	N/A	N/A
3304	0	0	0	0	0	0	N/A	N/A
3305	0	0	0	0	0	0	N/A	N/A
3306	0	0	0	0	0	0	N/A	N/A
3307	0	0	0	0	0	0	N/A	N/A
3308	0	0	0	0	0	0	N/A	N/A
3309	0	0	0	0	0	0	N/A	N/A
3310	0	0	0	0	0	0	N/A	N/A
3311	0	0	0	0	0	0	N/A	N/A
3312	0	0	0	0	0	0	N/A	N/A
3313	0	0	0	0	0	0	N/A	N/A
3314	0	0	0	0	0	0	N/A	N/A
3315	0	0	0	0	0	0	N/A	N/A
3316	0	0	0	0	0	0	N/A	N/A
3317	0	0	0	0	0	0	N/A	N/A
3318	0	0	0	0	0	0	N/A	N/A
3319	0	0	0	0	0	0	N/A	N/A
3320	0	0	0	0	0	0	N/A	N/A
3321	0	0	0	0	0	0	N/A	N/A
3322	0	0	0	0	0	0	N/A	N/A
3323	0	0	0	0	0	0	N/A	N/A
3324	0	0	0	0	0	0	N/A	N/A
3325	0	0	0	0	0	0	N/A	N/A
3326	0	0	0	0	0	0	N/A	N/A
3327	0	0	0	0	0	0	N/A	N/A
3328	0	0	0	0	0	0	N/A	N/A
3329	0	0	0	0	0	0	N/A	N/A
3330	0	0	0	0	0	0	N/A	N/A
3331	0	0	0	0	0	0	N/A	N/A
3332	0	0	0	0	0	0	N/A	N/A
3333	0	0	0	0	0	0	N/A	N/A
3334	0	0	0	0	0	0	N/A	N/A
3335	0	0	0	0	0	0	N/A	N/A
3336	0	0	0	0	0	0	N/A	N/A
3337	0	0	0	0	0	0	N/A	N/A
3338	0	0	0	0	0	0	N/A	N/A
3339	0	0	0	0	0	0	N/A	N/A
3340	0	0	0	0	0	0	N/A	N/A
3341	0	0	0	0	0	0	N/A	N/A
3342	0	0	0	0	0	0	N/A	N/A
3343	1	0	0	1	0	0	0.0	0.9994017349685911
3344	0	0	0	0	0	0	N/A	N/A
3345	0	0	0	0	0	0	N/A	N/A
3346	0	0	0	0	0	0	N/A	N/A
3347	0	0	0	0	0	0	N/A	N/A
3348	0	0	0	0	0	0	N/A	N/A
3349	0	0	0	0	0	0	N/A	N/A
3350	0	0	0	0	0	0	N/A	N/A
3351	0	0	0	0	0	0	N/A	N/A
3352	0	0	0	0	0	0	N/A	N/A
3353	0	0	0	0	0	0	N/A	N/A
3354	0	0	0	0	0	0	N/A	N/A
3355	0	0	0	0	0	0	N/A	N/A
3356	0	0	0	0	0	0	N/A	N/A
3357	0	0	0	0	0	0	N/A	N/A
3358	0	0	0	0	0	0	N/A	N/A
3359	0	0	0	0	0	0	N/A	N/A
3360	0	0	0	0	0	0	N/A	N/A
3361	0	0	0	0	0	0	N/A	N/A
3362	0	0	0	0	0	0	N/A	N/A
3363	0	0	0	0	0	0	N/A	N/A
3364	0	0	0	0	0	0	N/A	N/A
3365	0	0	0	0	0	0	N/A	N/A
3366	0	0	0	0	0	0	N/A	N/A
3367	0	0	0	0	0	0	N/A	N/A
3368	0	0	0	0	0	0	N/A	N/A
3369	0	0	0	0	0	0	N/A	N/A
3370	0	0	0	0	0	0	N/A	N/A
3371	0	0	0	0	0	0	N/A	N/A
3372	0	0	0	0	0	0	N/A	N/A
3373	0	0	0	0	0	0	N/A	N/A
3374	0	0	0	0	0	0	N/A	N/A
3375	0	0	0	0	0	0	N/A	N/A
3376	0	0	0	0	0	0	N/A	N/A
3377	0	0	0	0	0	0	N/A	N/A
3378	0	0	0	0	0	0	N/A	N/A
3379	0	0	0	0	0	0	N/A	N/A
3380	0	0	0	0	0	0	N/A	N/A
3381	0	0	0	0	0	0	N/A	N/A
3382	0	0	0	0	0	0	N/A	N/A
3383	0	0	0	0	0	0	N/A	N/A
3384	0	0	0	0	0	0	N/A	N/A
3385	0	0	0	0	0	0	N/A	N/A
3386	0	0	0	0	0	0	N/A	N/A
3387	0	0	0	0	0	0	N/A	N/A
3388	0	0	0	0	0	0	N/A	N/A
3389	0	0	0	0	0	0	N/A	N/A
3390	0	0	0	0	0	0	N/A	N/A
3391	0	0	0	0	0	0	N/A	N/A
3392	0	0	0	0	0	0	N/A	N/A
3393	0	0	0	0	0	0	N/A	N/A
3394	0	0	0	0	0	0	N/A	N/A
3395	0	0	0	0	0	0	N/A	N/A
3396	0	0	0	0	0	0	N/A	N/A
3397	0	0	0	0	0	0	N/A	N/A
3398	0	0	0	0	0	0	N/A	N/A
3399	0	0	0	0	0	0	N/A	N/A
3400	0	0	0	0	0	0	N/A	N/A
3401	0	0	0	0	0	0	N/A	N/A
3402	0	0	0	0	0	0	N/A	N/A
3403	0	0	0	0	0	0	N/A	N/A
3404	1	1	0	0	0	1	1.0	1.0
3405	0	0	0	0	0	0	N/A	N/A
3406	0	0	0	0	0	0	N/A	N/A
3407	0	0	0	0	0	0	N/A	N/A
3408	0	0	0	0	0	0	N/A	N/A
3409	0	0	0	0	0	0	N/A	N/A
3410	0	0	0	0	0	0	N/A	N/A
3411	0	0	0	0	0	0	N/A	N/A
3412	0	0	0	0	0	0	N/A	N/A
3413	0	0	0	0	0	0	N/A	N/A
3414	0	0	0	0	0	0	N/A	N/A
3415	0	0	0	0	0	0	N/A	N/A
3416	0	0	0	0	0	0	N/A	N/A
3417	0	0	0	0	0	0	N/A	N/A
3418	0	0	0	0	0	0	N/A	N/A
3419	0	0	0	0	0	0	N/A	N/A
3420	0	0	0	0	0	0	N/A	N/A
3421	0	0	0	0	0	0	N/A	N/A
3422	0	0	0	0	0	0	N/A	N/A
3423	0	0	0	0	0	0	N/A	N/A
3424	0	0	0	0	0	0	N/A	N/A
3425	0	0	0	0	0	0	N/A	N/A
3426	0	0	0	0	0	0	N/A	N/A
3427	0	0	0	0	0	0	N/A	N/A
3428	0	0	0	0	0	0	N/A	N/A
3429	0	0	0	0	0	0	N/A	N/A
3430	0	0	0	0	0	0	N/A	N/A
3431	0	0	0	0	0	0	N/A	N/A
3432	0	0	0	0	0	0	N/A	N/A
3433	1	0	1	0	0	1	1.0	1.0
3434	0	0	0	0	0	0	N/A	N/A
3435	0	0	0	0	0	0	N/A	N/A
3436	0	0	0	0	0	0	N/A	N/A
3437	0	0	0	0	0	0	N/A	N/A
3438	0	0	0	0	0	0	N/A	N/A
3439	0	0	0	0	0	0	N/A	N/A
3440	0	0	0	0	0	0	N/A	N/A
3441	0	0	0	0	0	0	N/A	N/A
3442	0	0	0	0	0	0	N/A	N/A
3443	0	0	0	0	0	0	N/A	N/A
3444	0	0	0	0	0	0	N/A	N/A
3445	0	0	0	0	0	0	N/A	N/A
3446	0	0	0	0	0	0	N/A	N/A
3447	0	0	0	0	0	0	N/A	N/A
3448	0	0	0	0	0	0	N/A	N/A
3449	0	0	0	0	0	0	N/A	N/A
3450	0	0	0	0	0	0	N/A	N/A
3451	0	0	0	0	0	0	N/A	N/A
3452	0	0	0	0	0	0	N/A	N/A
3453	0	0	0	0	0	0	N/A	N/A
3454	0	0	0	0	0	0	N/A	N/A
3455	0	0	0	0	0	0	N/A	N/A
3456	0	0	0	0	0	0	N/A	N/A
3457	0	0	0	0	0	0	N/A	N/A
3458	0	0	0	0	0	0	N/A	N/A
3459	0	0	0	0	0	0	N/A	N/A
3460	0	0	0	0	0	0	N/A	N/A
3461	0	0	0	0	0	0	N/A	N/A
3462	0	0	0	0	0	0	N/A	N/A
3463	0	0	0	0	0	0	N/A	N/A
3464	0	0	0	0	0	0	N/A	N/A
3465	0	0	0	0	0	0	N/A	N/A
3466	0	0	0	0	0	0	N/A	N/A
3467	0	0	0	0	0	0	N/A	N/A
3468	0	0	0	0	0	0	N/A	N/A
3469	0	0	0	0	0	0	N/A	N/A
3470	0	0	0	0	0	0	N/A	N/A
3471	0	0	0	0	0	0	N/A	N/A
3472	0	0	0	0	0	0	N/A	N/A
3473	0	0	0	0	0	0	N/A	N/A
3474	0	0	0	0	0	0	N/A	N/A
3475	0	0	0	0	0	0	N/A	N/A
3476	1	0	1	0	0	0	0.0	0.9982738780207134
